# MED tags file V1.0
complexOp	E:\Personal\Code\Java\Structure\Abstraction.java
getRef	E:\Personal\Code\Java\Structure\BiPointer.java
setRef	E:\Personal\Code\Java\Structure\BiPointer.java
BiPointer	E:\Personal\Code\Java\Structure\BiPointer.java
BiPointer	E:\Personal\Code\Java\Structure\BiPointer.java
testIt	E:\Personal\Code\Java\Structure\BiPointer.java
getSource	E:\Personal\Code\Java\Structure\BiRef.java
getTarget	E:\Personal\Code\Java\Structure\BiRef.java
setTarget	E:\Personal\Code\Java\Structure\BiRef.java
BiRef	E:\Personal\Code\Java\Structure\BiRef.java
BiRef	E:\Personal\Code\Java\Structure\BiRef.java
testIt	E:\Personal\Code\Java\Structure\BiRef.java
Bridge	E:\Personal\Code\Java\Structure\Bridge.java
simpleOp	E:\Personal\Code\Java\Structure\Bridge.java
getReceiver	E:\Personal\Code\Java\Structure\Command.java
setReceiver	E:\Personal\Code\Java\Structure\Command.java
run	E:\Personal\Code\Java\Structure\Command.java
Context	E:\Personal\Code\Java\Structure\Context.java
activeOpen	E:\Personal\Code\Java\Structure\Context.java
passiveOpen	E:\Personal\Code\Java\Structure\Context.java
close	E:\Personal\Code\Java\Structure\Context.java
send	E:\Personal\Code\Java\Structure\Context.java
acknowledge	E:\Personal\Code\Java\Structure\Context.java
synchronize	E:\Personal\Code\Java\Structure\Context.java
processStream	E:\Personal\Code\Java\Structure\Context.java
changeState	E:\Personal\Code\Java\Structure\Context.java
testIt	E:\Personal\Code\Java\Structure\Context.java
DAbstraction	E:\Personal\Code\Java\Structure\DAbstraction.java
DAbstraction	E:\Personal\Code\Java\Structure\DAbstraction.java
complexOp	E:\Personal\Code\Java\Structure\DAbstraction.java
DBridge	E:\Personal\Code\Java\Structure\DBridge.java
simpleOp	E:\Personal\Code\Java\Structure\DBridge.java
Decorator	E:\Personal\Code\Java\Structure\Decorator.java
Decorator	E:\Personal\Code\Java\Structure\Decorator.java
doSomething	E:\Personal\Code\Java\Structure\Decorator.java
testIt	E:\Personal\Code\Java\Structure\Decorator.java
getTarget	E:\Personal\Code\Java\Structure\Delegate.java
getMethod	E:\Personal\Code\Java\Structure\Delegate.java
Delegate	E:\Personal\Code\Java\Structure\Delegate.java
Delegate	E:\Personal\Code\Java\Structure\Delegate.java
Delegate	E:\Personal\Code\Java\Structure\Delegate.java
Delegate	E:\Personal\Code\Java\Structure\Delegate.java
addObserver	E:\Personal\Code\Java\Structure\Delegate.java
removeObserver	E:\Personal\Code\Java\Structure\Delegate.java
raiseEvent	E:\Personal\Code\Java\Structure\Delegate.java
testIt	E:\Personal\Code\Java\Structure\Delegate.java
Delegator	E:\Personal\Code\Java\Structure\Delegator.java
simpleOp	E:\Personal\Code\Java\Structure\Delegator.java
DFullBridge	E:\Personal\Code\Java\Structure\DFullBridge.java
complexOp	E:\Personal\Code\Java\Structure\DFullBridge.java
invite	E:\Personal\Code\Java\Structure\ElementA.java
inviteVisitor1toA	E:\Personal\Code\Java\Structure\ElementA.java
inviteVisitor2toA	E:\Personal\Code\Java\Structure\ElementA.java
invite	E:\Personal\Code\Java\Structure\ElementB.java
inviteVisitor1toB	E:\Personal\Code\Java\Structure\ElementB.java
inviteVisitor2toB	E:\Personal\Code\Java\Structure\ElementB.java
FullBridge	E:\Personal\Code\Java\Structure\FullBridge.java
complexOp	E:\Personal\Code\Java\Structure\FullBridge.java
getPosition	E:\Personal\Code\Java\Structure\HistoryList.java
getSize	E:\Personal\Code\Java\Structure\HistoryList.java
addItem	E:\Personal\Code\Java\Structure\HistoryList.java
nextItem	E:\Personal\Code\Java\Structure\HistoryList.java
prevItem	E:\Personal\Code\Java\Structure\HistoryList.java
currItem	E:\Personal\Code\Java\Structure\HistoryList.java
testIt	E:\Personal\Code\Java\Structure\HistoryList.java
MacroCommand	E:\Personal\Code\Java\Structure\MacroCommand.java
MacroCommand	E:\Personal\Code\Java\Structure\MacroCommand.java
getPosition	E:\Personal\Code\Java\Structure\MacroCommand.java
getSize	E:\Personal\Code\Java\Structure\MacroCommand.java
addItem	E:\Personal\Code\Java\Structure\MacroCommand.java
redo	E:\Personal\Code\Java\Structure\MacroCommand.java
undo	E:\Personal\Code\Java\Structure\MacroCommand.java
run	E:\Personal\Code\Java\Structure\MacroCommand.java
testIt	E:\Personal\Code\Java\Structure\MacroCommand.java
map	E:\Personal\Code\Java\Functions\Derive\RingFuncs\AAlgebra.java
dpl	E:\Personal\Code\Java\Functions\Derive\RingFuncs\AAlgebra.java
dplAt	E:\Personal\Code\Java\Functions\Derive\RingFuncs\AAlgebra.java
tpl	E:\Personal\Code\Java\Functions\Derive\RingFuncs\AAlgebra.java
tplAt	E:\Personal\Code\Java\Functions\Derive\RingFuncs\AAlgebra.java
qdl	E:\Personal\Code\Java\Functions\Derive\RingFuncs\AAlgebra.java
qdlAt	E:\Personal\Code\Java\Functions\Derive\RingFuncs\AAlgebra.java
mll2PowAt	E:\Personal\Code\Java\Functions\Derive\RingFuncs\AAlgebra.java
mll	E:\Personal\Code\Java\Functions\Derive\RingFuncs\AAlgebra.java
Identity	E:\Personal\Code\Java\Functions\Derive\RingFuncs\AAlgebra.java
isIdentity	E:\Personal\Code\Java\Functions\Derive\RingFuncs\AAlgebra.java
unMapAt	E:\Personal\Code\Java\Functions\Derive\RingFuncs\AAlgebra.java
reSolve	E:\Personal\Code\Java\Functions\Derive\RingFuncs\AAlgebra.java
invertAt	E:\Personal\Code\Java\Functions\Derive\RingFuncs\AAlgebra.java
invert	E:\Personal\Code\Java\Functions\Derive\RingFuncs\AAlgebra.java
AbsV	E:\Personal\Code\Java\Functions\Derive\RingFuncs\AbsV.java
AddAt	E:\Personal\Code\Java\Functions\Derive\RingFuncs\AddAt.java
AddAt	E:\Personal\Code\Java\Functions\Derive\RingFuncs\AddAt.java
Delta3	E:\Personal\Code\Java\Functions\Derive\RingFuncs\Algebra.java
CatDerive	E:\Personal\Code\Java\Functions\Derive\RingFuncs\Algebra.java
Algebra	E:\Personal\Code\Java\Functions\Derive\RingFuncs\Algebra.java
Algebra	E:\Personal\Code\Java\Functions\Derive\RingFuncs\Algebra.java
canProcess	E:\Personal\Code\Java\Functions\Derive\RingFuncs\Algebra.java
simplify	E:\Personal\Code\Java\Functions\Derive\RingFuncs\Algebra.java
Map	E:\Personal\Code\Java\Functions\Derive\RingFuncs\Algebra.java
mulAt	E:\Personal\Code\Java\Functions\Derive\RingFuncs\Algebra.java
divAt	E:\Personal\Code\Java\Functions\Derive\RingFuncs\Algebra.java
catAt	E:\Personal\Code\Java\Functions\Derive\RingFuncs\Algebra.java
MapAt	E:\Personal\Code\Java\Functions\Derive\RingFuncs\Algebra.java
invertAt	E:\Personal\Code\Java\Functions\Derive\RingFuncs\Algebra.java
zeroAt	E:\Personal\Code\Java\Functions\Derive\RingFuncs\Algebra.java
oneAt	E:\Personal\Code\Java\Functions\Derive\RingFuncs\Algebra.java
IntAt	E:\Personal\Code\Java\Functions\Derive\RingFuncs\Algebra.java
CmplAt	E:\Personal\Code\Java\Functions\Derive\RingFuncs\Algebra.java
toUpperAt	E:\Personal\Code\Java\Functions\Derive\RingFuncs\Algebra.java
addCarry	E:\Personal\Code\Java\Functions\Derive\RingFuncs\Algebra.java
cjgAt	E:\Personal\Code\Java\Functions\Derive\RingFuncs\Algebra.java
isComplex	E:\Personal\Code\Java\Functions\Derive\RingFuncs\Algebra.java
copyAt	E:\Personal\Code\Java\Functions\Derive\RingFuncs\Algebra.java
fromStreamAt	E:\Personal\Code\Java\Functions\Derive\RingFuncs\Algebra.java
MapAt	E:\Personal\Code\Java\Functions\Derive\RingFuncs\Algebra.java
getDerivative	E:\Personal\Code\Java\Functions\Derive\RingFuncs\Algebra.java
getIntegral	E:\Personal\Code\Java\Functions\Derive\RingFuncs\Algebra.java
isZero	E:\Personal\Code\Java\Functions\Derive\RingFuncs\Algebra.java
isOne	E:\Personal\Code\Java\Functions\Derive\RingFuncs\Algebra.java
FloorAt	E:\Personal\Code\Java\Functions\Derive\RingFuncs\Algebra.java
less	E:\Personal\Code\Java\Functions\Derive\RingFuncs\Algebra.java
maxValueAt	E:\Personal\Code\Java\Functions\Derive\RingFuncs\Algebra.java
CatDerive	E:\Personal\Code\Java\Functions\Derive\RingFuncs\CatDerive.java
getInverse	E:\Personal\Code\Java\Functions\Derive\RingFuncs\CatDerive.java
getDerivative	E:\Personal\Code\Java\Functions\Derive\RingFuncs\CatDerive.java
getIntegral	E:\Personal\Code\Java\Functions\Derive\RingFuncs\CatDerive.java
simplify	E:\Personal\Code\Java\Functions\Derive\RingFuncs\CatDerive.java
CatDerive	E:\Personal\Code\Java\Functions\Derive\RingFuncs\CatDerive.java
CatDerive	E:\Personal\Code\Java\Functions\Derive\RingFuncs\CatDerive.java
Delta1	E:\Personal\Code\Java\Functions\Derive\RingFuncs\Delta1.java
Delta1	E:\Personal\Code\Java\Functions\Derive\RingFuncs\Delta1.java
Delta1	E:\Personal\Code\Java\Functions\Derive\RingFuncs\Delta1.java
Delta1At	E:\Personal\Code\Java\Functions\Derive\RingFuncs\Delta1.java
Delta1At	E:\Personal\Code\Java\Functions\Derive\RingFuncs\Delta1.java
Delta1	E:\Personal\Code\Java\Functions\Derive\RingFuncs\Delta1.java
Delta1	E:\Personal\Code\Java\Functions\Derive\RingFuncs\Delta1.java
Delta1	E:\Personal\Code\Java\Functions\Derive\RingFuncs\Delta1.java
Diff	E:\Personal\Code\Java\Functions\Derive\RingFuncs\Diff.java
toString	E:\Personal\Code\Java\Functions\Derive\RingFuncs\Diff.java
simplify	E:\Personal\Code\Java\Functions\Derive\RingFuncs\Diff.java
CMeasurAble	E:\Personal\Code\Java\Functions\Derive\RingFuncs\Diff.java
getInverse	E:\Personal\Code\Java\Functions\Derive\RingFuncs\Diff.java
getDerivative	E:\Personal\Code\Java\Functions\Derive\RingFuncs\Diff.java
getIntegral	E:\Personal\Code\Java\Functions\Derive\RingFuncs\Diff.java
Diff	E:\Personal\Code\Java\Functions\Derive\RingFuncs\Diff.java
DoubleAt	E:\Personal\Code\Java\Functions\Derive\RingFuncs\DoubleAt.java
simplify	E:\Personal\Code\Java\Functions\Derive\RingFuncs\DoubleAt.java
Map	E:\Personal\Code\Java\Functions\Derive\RingFuncs\fEulerFktn.java
Map	E:\Personal\Code\Java\Functions\Derive\RingFuncs\fEulerSum.java
FuncParser	E:\Personal\Code\Java\Functions\Derive\RingFuncs\FuncParser.java
bolExpression	E:\Personal\Code\Java\Functions\Derive\RingFuncs\FuncParser.java
testChar	E:\Personal\Code\Java\Functions\Derive\RingFuncs\FuncParser.java
Expression	E:\Personal\Code\Java\Functions\Derive\RingFuncs\FuncParser.java
Term	E:\Personal\Code\Java\Functions\Derive\RingFuncs\FuncParser.java
Factor	E:\Personal\Code\Java\Functions\Derive\RingFuncs\FuncParser.java
findFunction	E:\Personal\Code\Java\Functions\Derive\RingFuncs\FuncParser.java
testIt	E:\Personal\Code\Java\Functions\Derive\RingFuncs\FuncParser.java
halfAt	E:\Personal\Code\Java\Functions\Derive\RingFuncs\HalfAt.java
HalfAt	E:\Personal\Code\Java\Functions\Derive\RingFuncs\HalfAt.java
simplify	E:\Personal\Code\Java\Functions\Derive\RingFuncs\HalfAt.java
CatDerive	E:\Personal\Code\Java\Functions\Derive\RingFuncs\Inv.java
Inv	E:\Personal\Code\Java\Functions\Derive\RingFuncs\Inv.java
canProcess	E:\Personal\Code\Java\Functions\Derive\RingFuncs\Inv.java
LinAt	E:\Personal\Code\Java\Functions\Derive\RingFuncs\LinAt.java
Map	E:\Personal\Code\Java\Functions\Derive\RingFuncs\LinAt.java
MulAt	E:\Personal\Code\Java\Functions\Derive\RingFuncs\MulAt.java
MulAt	E:\Personal\Code\Java\Functions\Derive\RingFuncs\MulAt.java
Neg	E:\Personal\Code\Java\Functions\Derive\RingFuncs\Neg.java
canProcess	E:\Personal\Code\Java\Functions\Derive\RingFuncs\Neg.java
Funktion	E:\Personal\Code\Java\Functions\Derive\RingFuncs\OdeHeight2D.java
Pred	E:\Personal\Code\Java\Functions\Derive\RingFuncs\Pred.java
Pred	E:\Personal\Code\Java\Functions\Derive\RingFuncs\Pred.java
canProcess	E:\Personal\Code\Java\Functions\Derive\RingFuncs\Pred.java
Prod	E:\Personal\Code\Java\Functions\Derive\RingFuncs\Prod.java
toString	E:\Personal\Code\Java\Functions\Derive\RingFuncs\Prod.java
simplify	E:\Personal\Code\Java\Functions\Derive\RingFuncs\Prod.java
CMeasurAble	E:\Personal\Code\Java\Functions\Derive\RingFuncs\Prod.java
CatDerive	E:\Personal\Code\Java\Functions\Derive\RingFuncs\Prod.java
Prod	E:\Personal\Code\Java\Functions\Derive\RingFuncs\Prod.java
CatDerive	E:\Personal\Code\Java\Functions\Derive\RingFuncs\Prod.java
Prod	E:\Personal\Code\Java\Functions\Derive\RingFuncs\Prod.java
getInverse	E:\Personal\Code\Java\Functions\Derive\RingFuncs\Prod.java
getDerivative	E:\Personal\Code\Java\Functions\Derive\RingFuncs\Prod.java
getIntegral	E:\Personal\Code\Java\Functions\Derive\RingFuncs\Prod.java
Quot	E:\Personal\Code\Java\Functions\Derive\RingFuncs\Quot.java
toString	E:\Personal\Code\Java\Functions\Derive\RingFuncs\Quot.java
simplify	E:\Personal\Code\Java\Functions\Derive\RingFuncs\Quot.java
CMeasurAble	E:\Personal\Code\Java\Functions\Derive\RingFuncs\Quot.java
CatDerive	E:\Personal\Code\Java\Functions\Derive\RingFuncs\Quot.java
CatDerive	E:\Personal\Code\Java\Functions\Derive\RingFuncs\Quot.java
Quot	E:\Personal\Code\Java\Functions\Derive\RingFuncs\Quot.java
CatDerive	E:\Personal\Code\Java\Functions\Derive\RingFuncs\Quot.java
Quot	E:\Personal\Code\Java\Functions\Derive\RingFuncs\Quot.java
CatDerive	E:\Personal\Code\Java\Functions\Derive\RingFuncs\Quot.java
getInverse	E:\Personal\Code\Java\Functions\Derive\RingFuncs\Quot.java
getDerivative	E:\Personal\Code\Java\Functions\Derive\RingFuncs\Quot.java
Prod	E:\Personal\Code\Java\Functions\Derive\RingFuncs\Quot.java
Quot	E:\Personal\Code\Java\Functions\Derive\RingFuncs\Quot.java
Prod	E:\Personal\Code\Java\Functions\Derive\RingFuncs\Quot.java
getIntegral	E:\Personal\Code\Java\Functions\Derive\RingFuncs\Quot.java
CatDerive	E:\Personal\Code\Java\Functions\Derive\RingFuncs\Quot.java
Resid	E:\Personal\Code\Java\Functions\Derive\RingFuncs\Resid.java
Resid	E:\Personal\Code\Java\Functions\Derive\RingFuncs\Resid.java
canProcess	E:\Personal\Code\Java\Functions\Derive\RingFuncs\Resid.java
Sign	E:\Personal\Code\Java\Functions\Derive\RingFuncs\Sign.java
SqRt	E:\Personal\Code\Java\Functions\Derive\RingFuncs\SqRt.java
Square	E:\Personal\Code\Java\Functions\Derive\RingFuncs\Square.java
Step1	E:\Personal\Code\Java\Functions\Derive\RingFuncs\Step1.java
Step1	E:\Personal\Code\Java\Functions\Derive\RingFuncs\Step1.java
Step1	E:\Personal\Code\Java\Functions\Derive\RingFuncs\Step1.java
Step1	E:\Personal\Code\Java\Functions\Derive\RingFuncs\Step1.java
Step1	E:\Personal\Code\Java\Functions\Derive\RingFuncs\Step1.java
Step1At	E:\Personal\Code\Java\Functions\Derive\RingFuncs\Step1.java
Succ	E:\Personal\Code\Java\Functions\Derive\RingFuncs\Succ.java
Succ	E:\Personal\Code\Java\Functions\Derive\RingFuncs\Succ.java
canProcess	E:\Personal\Code\Java\Functions\Derive\RingFuncs\Succ.java
Sum	E:\Personal\Code\Java\Functions\Derive\RingFuncs\Sum.java
toString	E:\Personal\Code\Java\Functions\Derive\RingFuncs\Sum.java
simplify	E:\Personal\Code\Java\Functions\Derive\RingFuncs\Sum.java
CMeasurAble	E:\Personal\Code\Java\Functions\Derive\RingFuncs\Sum.java
getInverse	E:\Personal\Code\Java\Functions\Derive\RingFuncs\Sum.java
getDerivative	E:\Personal\Code\Java\Functions\Derive\RingFuncs\Sum.java
getIntegral	E:\Personal\Code\Java\Functions\Derive\RingFuncs\Sum.java
testInstantiation	E:\Personal\Code\Java\Functions\Derive\RingFuncs\TestRingFuncs.java
main	E:\Personal\Code\Java\Functions\Derive\RingFuncs\TestRingFuncs.java
thirdAt	E:\Personal\Code\Java\Functions\Derive\RingFuncs\ThirdAt.java
ThirdAt	E:\Personal\Code\Java\Functions\Derive\RingFuncs\ThirdAt.java
simplify	E:\Personal\Code\Java\Functions\Derive\RingFuncs\ThirdAt.java
TripleAt	E:\Personal\Code\Java\Functions\Derive\RingFuncs\TripleAt.java
simplify	E:\Personal\Code\Java\Functions\Derive\RingFuncs\TripleAt.java
getIntegral	E:\Personal\Code\Java\Functions\Derive\ADeriveAble.java
getDerivative	E:\Personal\Code\Java\Functions\Derive\ADeriveAble.java
Derivative	E:\Personal\Code\Java\Functions\Derive\ADeriveAble.java
canProcess	E:\Personal\Code\Java\Functions\Derive\AStatic.java
Cat	E:\Personal\Code\Java\Functions\Derive\Cat.java
getInverse	E:\Personal\Code\Java\Functions\Derive\Cat.java
Map	E:\Personal\Code\Java\Functions\Derive\Cat.java
toString	E:\Personal\Code\Java\Functions\Derive\Cat.java
simplify	E:\Personal\Code\Java\Functions\Derive\Cat.java
CCountAble	E:\Personal\Code\Java\Functions\Derive\CCountAble.java
Position	E:\Personal\Code\Java\Functions\Derive\CCountAble.java
compareTo	E:\Personal\Code\Java\Functions\Derive\CCountAble.java
Ternary	E:\Personal\Code\Java\Functions\Derive\CCountAble.java
Comparison	E:\Personal\Code\Java\Functions\Derive\CCountAble.java
NumberToRoman	E:\Personal\Code\Java\Functions\Derive\CMeasurAble.java
OverpunchedStringToNumber	E:\Personal\Code\Java\Functions\Derive\CMeasurAble.java
PhoneLetterToDigit	E:\Personal\Code\Java\Functions\Derive\CMeasurAble.java
Position	E:\Personal\Code\Java\Functions\Derive\CMeasurAble.java
compareTo	E:\Personal\Code\Java\Functions\Derive\CMeasurAble.java
hashCode	E:\Personal\Code\Java\Functions\Derive\CMeasurAble.java
Identity	E:\Personal\Code\Java\Functions\Derive\Identity.java
MapAt	E:\Personal\Code\Java\Functions\AFunction.java
simplify	E:\Personal\Code\Java\Functions\AFunction.java
getInverse	E:\Personal\Code\Java\Functions\AInvertAble.java
UnMap	E:\Personal\Code\Java\Functions\AInvertAble.java
UnMapAt	E:\Personal\Code\Java\Functions\AInvertAble.java
Position	E:\Personal\Code\Java\Functions\AOrderAble.java
compareTo	E:\Personal\Code\Java\Functions\AOrderAble.java
ggT	E:\Personal\Code\Java\Functions\AOrderAble.java
XggT	E:\Personal\Code\Java\Functions\AOrderAble.java
kgV	E:\Personal\Code\Java\Functions\AOrderAble.java
sign	E:\Personal\Code\Java\Functions\AOrderAble.java
zchn	E:\Personal\Code\Java\Functions\AOrderAble.java
pow	E:\Personal\Code\Java\Functions\AOrderAble.java
pow	E:\Personal\Code\Java\Functions\AOrderAble.java
format	E:\Personal\Code\Java\Functions\AOrderAble.java
format	E:\Personal\Code\Java\Functions\AOrderAble.java
format	E:\Personal\Code\Java\Functions\AOrderAble.java
format	E:\Personal\Code\Java\Functions\AOrderAble.java
setFormatPrecision	E:\Personal\Code\Java\Functions\AOrderAble.java
round	E:\Personal\Code\Java\Functions\AOrderAble.java
format	E:\Personal\Code\Java\Functions\AOrderAble.java
format	E:\Personal\Code\Java\Functions\AOrderAble.java
random	E:\Personal\Code\Java\Functions\AOrderAble.java
random	E:\Personal\Code\Java\Functions\AOrderAble.java
plot	E:\Personal\Code\Java\Functions\AOrderAble.java
SearchBiSection	E:\Personal\Code\Java\Functions\AOrderAble.java
ExpM1	E:\Personal\Code\Java\Functions\AOrderAble.java
zSign	E:\Personal\Code\Java\Functions\AOrderAble.java
less	E:\Personal\Code\Java\Functions\AOrderAble.java
grtr	E:\Personal\Code\Java\Functions\AOrderAble.java
lessEq	E:\Personal\Code\Java\Functions\AOrderAble.java
grtrEq	E:\Personal\Code\Java\Functions\AOrderAble.java
equals	E:\Personal\Code\Java\Functions\AOrderAble.java
floatValue	E:\Personal\Code\Java\Functions\AOrderAble.java
doubleValue	E:\Personal\Code\Java\Functions\AOrderAble.java
byteValue	E:\Personal\Code\Java\Functions\AOrderAble.java
shortValue	E:\Personal\Code\Java\Functions\AOrderAble.java
intValue	E:\Personal\Code\Java\Functions\AOrderAble.java
longValue	E:\Personal\Code\Java\Functions\AOrderAble.java
equals	E:\Personal\Code\Java\Functions\AOrderAble.java
testFormat	E:\Personal\Code\Java\Functions\AOrderAble.java
testIt	E:\Personal\Code\Java\Functions\AOrderAble.java
CatProcessor	E:\Personal\Code\Java\Functions\CatProcessor.java
MapAt	E:\Personal\Code\Java\Functions\CatProcessor.java
toString	E:\Personal\Code\Java\Functions\CatProcessor.java
setAt	E:\Personal\Code\Java\Functions\FunctionByHash.java
setAt	E:\Personal\Code\Java\Functions\FunctionByHash.java
getKeys	E:\Personal\Code\Java\Functions\FunctionByHash.java
getValues	E:\Personal\Code\Java\Functions\FunctionByHash.java
getEntries	E:\Personal\Code\Java\Functions\FunctionByHash.java
getKeyEnum	E:\Personal\Code\Java\Functions\FunctionByHash.java
getEntryEnum	E:\Personal\Code\Java\Functions\FunctionByHash.java
copyAt	E:\Personal\Code\Java\Functions\FunctionByHash.java
copyAt	E:\Personal\Code\Java\Functions\FunctionByHash.java
copyAt	E:\Personal\Code\Java\Functions\FunctionByHash.java
copy	E:\Personal\Code\Java\Functions\FunctionByHash.java
moveAt	E:\Personal\Code\Java\Functions\FunctionByHash.java
moveAt	E:\Personal\Code\Java\Functions\FunctionByHash.java
copyAt	E:\Personal\Code\Java\Functions\FunctionByHash.java
copyAt	E:\Personal\Code\Java\Functions\FunctionByHash.java
copy	E:\Personal\Code\Java\Functions\FunctionByHash.java
moveAt	E:\Personal\Code\Java\Functions\FunctionByHash.java
moveAt	E:\Personal\Code\Java\Functions\FunctionByHash.java
Map	E:\Personal\Code\Java\Functions\FunctionByHash.java
newInstance	E:\Personal\Code\Java\Stream\Object\Enumerator\Container\Util\Collection2Container.java
Collection2Container	E:\Personal\Code\Java\Stream\Object\Enumerator\Container\Util\Collection2Container.java
setCapacity	E:\Personal\Code\Java\Stream\Object\Enumerator\Container\Util\Collection2Container.java
getCapacity	E:\Personal\Code\Java\Stream\Object\Enumerator\Container\Util\Collection2Container.java
Collection2Container	E:\Personal\Code\Java\Stream\Object\Enumerator\Container\Util\Collection2Container.java
addItem	E:\Personal\Code\Java\Stream\Object\Enumerator\Container\Util\Collection2Container.java
removeItem	E:\Personal\Code\Java\Stream\Object\Enumerator\Container\Util\Collection2Container.java
reset	E:\Personal\Code\Java\Stream\Object\Enumerator\Container\Util\Collection2Container.java
reset	E:\Personal\Code\Java\Stream\Object\Enumerator\Container\Util\Collection2Container.java
FalseAt	E:\Personal\Code\Java\Stream\Object\Enumerator\Container\Util\Collection2Container.java
testIt	E:\Personal\Code\Java\Stream\Object\Enumerator\Container\Util\Collection2Container.java
Container2ResultSet	E:\Personal\Code\Java\Stream\Object\Enumerator\Container\Util\Container2ResultSet.java
relative	E:\Personal\Code\Java\Stream\Object\Enumerator\Container\Util\Container2ResultSet.java
beforeFirst	E:\Personal\Code\Java\Stream\Object\Enumerator\Container\Util\Container2ResultSet.java
close	E:\Personal\Code\Java\Stream\Object\Enumerator\Container\Util\Container2ResultSet.java
deleteRow	E:\Personal\Code\Java\Stream\Object\Enumerator\Container\Util\Container2ResultSet.java
insertRow	E:\Personal\Code\Java\Stream\Object\Enumerator\Container\Util\Container2ResultSet.java
updateRow	E:\Personal\Code\Java\Stream\Object\Enumerator\Container\Util\Container2ResultSet.java
readNext	E:\Personal\Code\Java\Stream\Object\Enumerator\Container\Util\Container2ResultSet.java
previous	E:\Personal\Code\Java\Stream\Object\Enumerator\Container\Util\Container2ResultSet.java
getObject	E:\Personal\Code\Java\Stream\Object\Enumerator\Container\Util\Container2ResultSet.java
getObject	E:\Personal\Code\Java\Stream\Object\Enumerator\Container\Util\Container2ResultSet.java
getString	E:\Personal\Code\Java\Stream\Object\Enumerator\Container\Util\Container2ResultSet.java
getString	E:\Personal\Code\Java\Stream\Object\Enumerator\Container\Util\Container2ResultSet.java
updateObject	E:\Personal\Code\Java\Stream\Object\Enumerator\Container\Util\Container2ResultSet.java
updateObject	E:\Personal\Code\Java\Stream\Object\Enumerator\Container\Util\Container2ResultSet.java
updateString	E:\Personal\Code\Java\Stream\Object\Enumerator\Container\Util\Container2ResultSet.java
updateString	E:\Personal\Code\Java\Stream\Object\Enumerator\Container\Util\Container2ResultSet.java
run	E:\Personal\Code\Java\Stream\Object\Enumerator\Container\Util\TestRunAble.java
toString	E:\Personal\Code\Java\Stream\Object\Enumerator\Container\Util\TestRunAble.java
less	E:\Personal\Code\Java\Stream\Object\Enumerator\Container\Util\TimedQueue.java
TimedEvent	E:\Personal\Code\Java\Stream\Object\Enumerator\Container\Util\TimedQueue.java
TimedEvent	E:\Personal\Code\Java\Stream\Object\Enumerator\Container\Util\TimedQueue.java
TimedEvent	E:\Personal\Code\Java\Stream\Object\Enumerator\Container\Util\TimedQueue.java
toString	E:\Personal\Code\Java\Stream\Object\Enumerator\Container\Util\TimedQueue.java
run	E:\Personal\Code\Java\Stream\Object\Enumerator\Container\Util\TimedQueue.java
addEvent	E:\Personal\Code\Java\Stream\Object\Enumerator\Container\Util\TimedQueue.java
addEvent	E:\Personal\Code\Java\Stream\Object\Enumerator\Container\Util\TimedQueue.java
addEvent	E:\Personal\Code\Java\Stream\Object\Enumerator\Container\Util\TimedQueue.java
start	E:\Personal\Code\Java\Stream\Object\Enumerator\Container\Util\TimedQueue.java
stop	E:\Personal\Code\Java\Stream\Object\Enumerator\Container\Util\TimedQueue.java
testIt	E:\Personal\Code\Java\Stream\Object\Enumerator\Container\Util\TimedQueue.java
AContainer	E:\Personal\Code\Java\Stream\Object\Enumerator\Container\AContainer.java
AContainer	E:\Personal\Code\Java\Stream\Object\Enumerator\Container\AContainer.java
addChangeListener	E:\Personal\Code\Java\Stream\Object\Enumerator\Container\AContainer.java
getFilter	E:\Personal\Code\Java\Stream\Object\Enumerator\Container\AContainer.java
setFilter	E:\Personal\Code\Java\Stream\Object\Enumerator\Container\AContainer.java
forEachThatEquals	E:\Personal\Code\Java\Stream\Object\Enumerator\Container\AContainer.java
firstOfEachThatEqualsThat	E:\Personal\Code\Java\Stream\Object\Enumerator\Container\AContainer.java
findNext	E:\Personal\Code\Java\Stream\Object\Enumerator\Container\AContainer.java
findFirst	E:\Personal\Code\Java\Stream\Object\Enumerator\Container\AContainer.java
div	E:\Personal\Code\Java\Stream\Object\Enumerator\Container\AContainer.java
Position	E:\Personal\Code\Java\Stream\Object\Enumerator\Container\AContainer.java
compareTo	E:\Personal\Code\Java\Stream\Object\Enumerator\Container\AContainer.java
byteValue	E:\Personal\Code\Java\Stream\Object\Enumerator\Container\AContainer.java
Degree	E:\Personal\Code\Java\Stream\Object\Enumerator\Container\AContainer.java
set	E:\Personal\Code\Java\Stream\Object\Enumerator\Container\AContainer.java
setItem	E:\Personal\Code\Java\Stream\Object\Enumerator\Container\AContainer.java
replaceItem	E:\Personal\Code\Java\Stream\Object\Enumerator\Container\AContainer.java
replaceItem	E:\Personal\Code\Java\Stream\Object\Enumerator\Container\AContainer.java
replace	E:\Personal\Code\Java\Stream\Object\Enumerator\Container\AContainer.java
removeItem	E:\Personal\Code\Java\Stream\Object\Enumerator\Container\AContainer.java
remove	E:\Personal\Code\Java\Stream\Object\Enumerator\Container\AContainer.java
unionItem	E:\Personal\Code\Java\Stream\Object\Enumerator\Container\AContainer.java
unionItem	E:\Personal\Code\Java\Stream\Object\Enumerator\Container\AContainer.java
flipItem	E:\Personal\Code\Java\Stream\Object\Enumerator\Container\AContainer.java
flip	E:\Personal\Code\Java\Stream\Object\Enumerator\Container\AContainer.java
retainItem	E:\Personal\Code\Java\Stream\Object\Enumerator\Container\AContainer.java
retain	E:\Personal\Code\Java\Stream\Object\Enumerator\Container\AContainer.java
copyAt	E:\Personal\Code\Java\Stream\Object\Enumerator\Container\AContainer.java
mulAt	E:\Personal\Code\Java\Stream\Object\Enumerator\Container\AContainer.java
mul	E:\Personal\Code\Java\Stream\Object\Enumerator\Container\AContainer.java
FalseAt	E:\Personal\Code\Java\Stream\Object\Enumerator\Container\AContainer.java
union	E:\Personal\Code\Java\Stream\Object\Enumerator\Container\AContainer.java
DIFFat	E:\Personal\Code\Java\Stream\Object\Enumerator\Container\AContainer.java
subtAtDIFFat	E:\Personal\Code\Java\Stream\Object\Enumerator\Container\AContainer.java
subtAtDIFFatItem	E:\Personal\Code\Java\Stream\Object\Enumerator\Container\AContainer.java
addAt	E:\Personal\Code\Java\Stream\Object\Enumerator\Container\AContainer.java
isZero	E:\Personal\Code\Java\Stream\Object\Enumerator\Container\AContainer.java
peekItem	E:\Personal\Code\Java\Stream\Object\Enumerator\Container\AContainer.java
Iterator	E:\Personal\Code\Java\Stream\Object\Enumerator\Container\AContainer.java
ChangeIterator	E:\Personal\Code\Java\Stream\Object\Enumerator\Container\AContainer.java
Enumerator	E:\Personal\Code\Java\Stream\Object\Enumerator\Container\AContainer.java
reset	E:\Personal\Code\Java\Stream\Object\Enumerator\Container\AContainer.java
reset	E:\Personal\Code\Java\Stream\Object\Enumerator\Container\AContainer.java
mark	E:\Personal\Code\Java\Stream\Object\Enumerator\Container\AContainer.java
addNext	E:\Personal\Code\Java\Stream\Object\Enumerator\Container\AContainer.java
removeNext	E:\Personal\Code\Java\Stream\Object\Enumerator\Container\AContainer.java
replaceNext	E:\Personal\Code\Java\Stream\Object\Enumerator\Container\AContainer.java
removeCurr	E:\Personal\Code\Java\Stream\Object\Enumerator\Container\AContainer.java
available	E:\Personal\Code\Java\Stream\Object\Enumerator\Container\AContainer.java
nextItem	E:\Personal\Code\Java\Stream\Object\Enumerator\Container\AContainer.java
currItem	E:\Personal\Code\Java\Stream\Object\Enumerator\Container\AContainer.java
toString	E:\Personal\Code\Java\Stream\Object\Enumerator\Container\AContainer.java
flatten	E:\Personal\Code\Java\Stream\Object\Enumerator\Container\AContainer.java
flattenItem	E:\Personal\Code\Java\Stream\Object\Enumerator\Container\AContainer.java
flattenItem	E:\Personal\Code\Java\Stream\Object\Enumerator\Container\AContainer.java
addItems	E:\Personal\Code\Java\Stream\Object\Enumerator\Container\AContainer.java
addItems	E:\Personal\Code\Java\Stream\Object\Enumerator\Container\AContainer.java
addItems	E:\Personal\Code\Java\Stream\Object\Enumerator\Container\AContainer.java
addItems	E:\Personal\Code\Java\Stream\Object\Enumerator\Container\AContainer.java
addItems	E:\Personal\Code\Java\Stream\Object\Enumerator\Container\AContainer.java
addItems	E:\Personal\Code\Java\Stream\Object\Enumerator\Container\AContainer.java
addItems	E:\Personal\Code\Java\Stream\Object\Enumerator\Container\AContainer.java
addItems	E:\Personal\Code\Java\Stream\Object\Enumerator\Container\AContainer.java
addItems	E:\Personal\Code\Java\Stream\Object\Enumerator\Container\AContainer.java
filterAllCols	E:\Personal\Code\Java\Stream\Object\Enumerator\Container\AContainer.java
filterAllCols	E:\Personal\Code\Java\Stream\Object\Enumerator\Container\AContainer.java
filterCols	E:\Personal\Code\Java\Stream\Object\Enumerator\Container\AContainer.java
filterCols	E:\Personal\Code\Java\Stream\Object\Enumerator\Container\AContainer.java
filterRows	E:\Personal\Code\Java\Stream\Object\Enumerator\Container\AContainer.java
getKeys	E:\Personal\Code\Java\Stream\Object\Enumerator\Container\AContainer.java
getValues	E:\Personal\Code\Java\Stream\Object\Enumerator\Container\AContainer.java
testIt	E:\Personal\Code\Java\Stream\Object\Enumerator\Container\AContainer.java
firstIndexOf	E:\Personal\Code\Java\Stream\Object\Enumerator\Container\ARAContainer.java
lastIndexOf	E:\Personal\Code\Java\Stream\Object\Enumerator\Container\ARAContainer.java
firstIndexOf	E:\Personal\Code\Java\Stream\Object\Enumerator\Container\ARAContainer.java
lastIndexOf	E:\Personal\Code\Java\Stream\Object\Enumerator\Container\ARAContainer.java
firstIndexOf	E:\Personal\Code\Java\Stream\Object\Enumerator\Container\ARAContainer.java
lastIndexOf	E:\Personal\Code\Java\Stream\Object\Enumerator\Container\ARAContainer.java
setAt	E:\Personal\Code\Java\Stream\Object\Enumerator\Container\ARAContainer.java
replaceAt	E:\Personal\Code\Java\Stream\Object\Enumerator\Container\ARAContainer.java
addAt	E:\Personal\Code\Java\Stream\Object\Enumerator\Container\ARAContainer.java
availableBefore	E:\Personal\Code\Java\Stream\Object\Enumerator\Container\ARAContainer.java
prevItem	E:\Personal\Code\Java\Stream\Object\Enumerator\Container\ARAContainer.java
removePrev	E:\Personal\Code\Java\Stream\Object\Enumerator\Container\ARAContainer.java
replacePrev	E:\Personal\Code\Java\Stream\Object\Enumerator\Container\ARAContainer.java
addPrev	E:\Personal\Code\Java\Stream\Object\Enumerator\Container\ARAContainer.java
addCurr	E:\Personal\Code\Java\Stream\Object\Enumerator\Container\ARAContainer.java
getRel	E:\Personal\Code\Java\Stream\Object\Enumerator\Container\ARAContainer.java
removeRel	E:\Personal\Code\Java\Stream\Object\Enumerator\Container\ARAContainer.java
replaceRel	E:\Personal\Code\Java\Stream\Object\Enumerator\Container\ARAContainer.java
addRel	E:\Personal\Code\Java\Stream\Object\Enumerator\Container\ARAContainer.java
preset	E:\Personal\Code\Java\Stream\Object\Enumerator\Container\ARAContainer.java
Partition	E:\Personal\Code\Java\Stream\Object\Enumerator\Container\Array.java
QuickSort	E:\Personal\Code\Java\Stream\Object\Enumerator\Container\Array.java
Select	E:\Personal\Code\Java\Stream\Object\Enumerator\Container\Array.java
Array	E:\Personal\Code\Java\Stream\Object\Enumerator\Container\Array.java
Array	E:\Personal\Code\Java\Stream\Object\Enumerator\Container\Array.java
Array	E:\Personal\Code\Java\Stream\Object\Enumerator\Container\Array.java
Array	E:\Personal\Code\Java\Stream\Object\Enumerator\Container\Array.java
copyInto	E:\Personal\Code\Java\Stream\Object\Enumerator\Container\Array.java
trimToSize	E:\Personal\Code\Java\Stream\Object\Enumerator\Container\Array.java
setCapacity	E:\Personal\Code\Java\Stream\Object\Enumerator\Container\Array.java
setSize	E:\Personal\Code\Java\Stream\Object\Enumerator\Container\Array.java
Enumerator	E:\Personal\Code\Java\Stream\Object\Enumerator\Container\Array.java
firstIndexOf	E:\Personal\Code\Java\Stream\Object\Enumerator\Container\Array.java
lastIndexOf	E:\Personal\Code\Java\Stream\Object\Enumerator\Container\Array.java
firstIndexOf	E:\Personal\Code\Java\Stream\Object\Enumerator\Container\Array.java
lastIndexOf	E:\Personal\Code\Java\Stream\Object\Enumerator\Container\Array.java
firstIndexOf	E:\Personal\Code\Java\Stream\Object\Enumerator\Container\Array.java
lastIndexOf	E:\Personal\Code\Java\Stream\Object\Enumerator\Container\Array.java
getAt	E:\Personal\Code\Java\Stream\Object\Enumerator\Container\Array.java
setAt	E:\Personal\Code\Java\Stream\Object\Enumerator\Container\Array.java
first	E:\Personal\Code\Java\Stream\Object\Enumerator\Container\Array.java
last	E:\Personal\Code\Java\Stream\Object\Enumerator\Container\Array.java
replaceAt	E:\Personal\Code\Java\Stream\Object\Enumerator\Container\Array.java
removeAt	E:\Personal\Code\Java\Stream\Object\Enumerator\Container\Array.java
removeSlowAt	E:\Personal\Code\Java\Stream\Object\Enumerator\Container\Array.java
removeFastAt	E:\Personal\Code\Java\Stream\Object\Enumerator\Container\Array.java
addAt	E:\Personal\Code\Java\Stream\Object\Enumerator\Container\Array.java
removeAt	E:\Personal\Code\Java\Stream\Object\Enumerator\Container\Array.java
flipAt	E:\Personal\Code\Java\Stream\Object\Enumerator\Container\Array.java
zeroAt	E:\Personal\Code\Java\Stream\Object\Enumerator\Container\Array.java
clone	E:\Personal\Code\Java\Stream\Object\Enumerator\Container\Array.java
copyAt	E:\Personal\Code\Java\Stream\Object\Enumerator\Container\Array.java
shallowCopyAt	E:\Personal\Code\Java\Stream\Object\Enumerator\Container\Array.java
mulAt	E:\Personal\Code\Java\Stream\Object\Enumerator\Container\Array.java
mul	E:\Personal\Code\Java\Stream\Object\Enumerator\Container\Array.java
testIt	E:\Personal\Code\Java\Stream\Object\Enumerator\Container\Array.java
printContents	E:\Personal\Code\Java\Stream\Object\Enumerator\Container\Array.java
stream	E:\Personal\Code\Java\Stream\Object\Enumerator\Container\Array.java
stream	E:\Personal\Code\Java\Stream\Object\Enumerator\Container\Array.java
ArrayIterator	E:\Personal\Code\Java\Stream\Object\Enumerator\Container\Array.java
previousItem	E:\Personal\Code\Java\Stream\Object\Enumerator\Container\Array.java
currentItem	E:\Personal\Code\Java\Stream\Object\Enumerator\Container\Array.java
replaceAt	E:\Personal\Code\Java\Stream\Object\Enumerator\Container\Array.java
removeCurr	E:\Personal\Code\Java\Stream\Object\Enumerator\Container\Array.java
removeAt	E:\Personal\Code\Java\Stream\Object\Enumerator\Container\Array.java
addAt	E:\Personal\Code\Java\Stream\Object\Enumerator\Container\Array.java
ArraySorted	E:\Personal\Code\Java\Stream\Object\Enumerator\Container\ArraySorted.java
ArraySorted	E:\Personal\Code\Java\Stream\Object\Enumerator\Container\ArraySorted.java
ArraySorted	E:\Personal\Code\Java\Stream\Object\Enumerator\Container\ArraySorted.java
ArraySorted	E:\Personal\Code\Java\Stream\Object\Enumerator\Container\ArraySorted.java
ArraySorted	E:\Personal\Code\Java\Stream\Object\Enumerator\Container\ArraySorted.java
ArraySorted	E:\Personal\Code\Java\Stream\Object\Enumerator\Container\ArraySorted.java
ArraySorted	E:\Personal\Code\Java\Stream\Object\Enumerator\Container\ArraySorted.java
ArraySorted	E:\Personal\Code\Java\Stream\Object\Enumerator\Container\ArraySorted.java
ArraySorted	E:\Personal\Code\Java\Stream\Object\Enumerator\Container\ArraySorted.java
ArraySorted	E:\Personal\Code\Java\Stream\Object\Enumerator\Container\ArraySorted.java
ArraySorted	E:\Personal\Code\Java\Stream\Object\Enumerator\Container\ArraySorted.java
ArraySorted	E:\Personal\Code\Java\Stream\Object\Enumerator\Container\ArraySorted.java
ArraySorted	E:\Personal\Code\Java\Stream\Object\Enumerator\Container\ArraySorted.java
ArraySorted	E:\Personal\Code\Java\Stream\Object\Enumerator\Container\ArraySorted.java
ArraySorted	E:\Personal\Code\Java\Stream\Object\Enumerator\Container\ArraySorted.java
ArraySorted	E:\Personal\Code\Java\Stream\Object\Enumerator\Container\ArraySorted.java
ArraySorted	E:\Personal\Code\Java\Stream\Object\Enumerator\Container\ArraySorted.java
ArraySorted	E:\Personal\Code\Java\Stream\Object\Enumerator\Container\ArraySorted.java
getOrder	E:\Personal\Code\Java\Stream\Object\Enumerator\Container\ArraySorted.java
addAt	E:\Personal\Code\Java\Stream\Object\Enumerator\Container\ArraySorted.java
forEachThatEquals	E:\Personal\Code\Java\Stream\Object\Enumerator\Container\ArraySorted.java
firstOfEachThatEqualsThat	E:\Personal\Code\Java\Stream\Object\Enumerator\Container\ArraySorted.java
IndexOf	E:\Personal\Code\Java\Stream\Object\Enumerator\Container\ArraySorted.java
firstIndexOf	E:\Personal\Code\Java\Stream\Object\Enumerator\Container\ArraySorted.java
lastIndexOf	E:\Personal\Code\Java\Stream\Object\Enumerator\Container\ArraySorted.java
SortCopyAt	E:\Personal\Code\Java\Stream\Object\Enumerator\Container\ArraySorted.java
equals	E:\Personal\Code\Java\Stream\Object\Enumerator\Container\ArraySorted.java
replaceAt	E:\Personal\Code\Java\Stream\Object\Enumerator\Container\ArraySorted.java
addAt	E:\Personal\Code\Java\Stream\Object\Enumerator\Container\ArraySorted.java
addAt	E:\Personal\Code\Java\Stream\Object\Enumerator\Container\Bag.java
count	E:\Personal\Code\Java\Stream\Object\Enumerator\Container\Bag.java
available	E:\Personal\Code\Java\Stream\Object\Enumerator\Container\Bag.java
nextItem	E:\Personal\Code\Java\Stream\Object\Enumerator\Container\Bag.java
replaceCurrent	E:\Personal\Code\Java\Stream\Object\Enumerator\Container\Bag.java
removeCurrent	E:\Personal\Code\Java\Stream\Object\Enumerator\Container\Bag.java
addChangeListener	E:\Personal\Code\Java\Stream\Object\Enumerator\Container\ChangeMultiCaster.java
changed	E:\Personal\Code\Java\Stream\Object\Enumerator\Container\ChangeMultiCaster.java
setCapacity	E:\Personal\Code\Java\Stream\Object\Enumerator\Container\CharColl.java
getCapacity	E:\Personal\Code\Java\Stream\Object\Enumerator\Container\CharColl.java
removeAt	E:\Personal\Code\Java\Stream\Object\Enumerator\Container\CharColl.java
replaceAt	E:\Personal\Code\Java\Stream\Object\Enumerator\Container\CharColl.java
addAt	E:\Personal\Code\Java\Stream\Object\Enumerator\Container\CharColl.java
currItem	E:\Personal\Code\Java\Stream\Object\Enumerator\Container\CharColl.java
removeAt	E:\Personal\Code\Java\Stream\Object\Enumerator\Container\CharColl.java
replaceAt	E:\Personal\Code\Java\Stream\Object\Enumerator\Container\CharColl.java
removeCurr	E:\Personal\Code\Java\Stream\Object\Enumerator\Container\CharColl.java
addAt	E:\Personal\Code\Java\Stream\Object\Enumerator\Container\CharColl.java
setCapacity	E:\Personal\Code\Java\Stream\Object\Enumerator\Container\DebitContainer.java
getCapacity	E:\Personal\Code\Java\Stream\Object\Enumerator\Container\DebitContainer.java
addItem	E:\Personal\Code\Java\Stream\Object\Enumerator\Container\DebitContainer.java
removeItem	E:\Personal\Code\Java\Stream\Object\Enumerator\Container\DebitContainer.java
toString	E:\Personal\Code\Java\Stream\Object\Enumerator\Container\DebitContainer.java
setOrder	E:\Personal\Code\Java\Stream\Object\Enumerator\Container\DeQueueArr.java
DeQueueArr	E:\Personal\Code\Java\Stream\Object\Enumerator\Container\DeQueueArr.java
newInstance	E:\Personal\Code\Java\Stream\Object\Enumerator\Container\DeQueueArr.java
setCapacity	E:\Personal\Code\Java\Stream\Object\Enumerator\Container\DeQueueArr.java
contains	E:\Personal\Code\Java\Stream\Object\Enumerator\Container\DeQueueArr.java
available	E:\Personal\Code\Java\Stream\Object\Enumerator\Container\DeQueueArr.java
nextItem	E:\Personal\Code\Java\Stream\Object\Enumerator\Container\DeQueueArr.java
addItem	E:\Personal\Code\Java\Stream\Object\Enumerator\Container\DeQueueArr.java
replaceCurr	E:\Personal\Code\Java\Stream\Object\Enumerator\Container\DeQueueArr.java
peekItem	E:\Personal\Code\Java\Stream\Object\Enumerator\Container\DeQueueArr.java
getAt	E:\Personal\Code\Java\Stream\Object\Enumerator\Container\DeQueueArr.java
toStringInternal	E:\Personal\Code\Java\Stream\Object\Enumerator\Container\DeQueueArr.java
Edge	E:\Personal\Code\Java\Stream\Object\Enumerator\Container\Edge.java
Edge	E:\Personal\Code\Java\Stream\Object\Enumerator\Container\Edge.java
EquivalenceByRelation	E:\Personal\Code\Java\Stream\Object\Enumerator\Container\EquivalenceByRelation.java
equals	E:\Personal\Code\Java\Stream\Object\Enumerator\Container\EquivalenceByRelation.java
HashCode	E:\Personal\Code\Java\Stream\Object\Enumerator\Container\EquivalenceByRelation.java
FilterInCacheDyn	E:\Personal\Code\Java\Stream\Object\Enumerator\Container\FilterInCacheDyn.java
reset	E:\Personal\Code\Java\Stream\Object\Enumerator\Container\FilterInCacheDyn.java
mark	E:\Personal\Code\Java\Stream\Object\Enumerator\Container\FilterInCacheDyn.java
mark	E:\Personal\Code\Java\Stream\Object\Enumerator\Container\FilterInCacheDyn.java
reset	E:\Personal\Code\Java\Stream\Object\Enumerator\Container\FilterInCacheDyn.java
nextItem	E:\Personal\Code\Java\Stream\Object\Enumerator\Container\FilterInCacheDyn.java
available	E:\Personal\Code\Java\Stream\Object\Enumerator\Container\FilterInCacheDyn.java
testIt	E:\Personal\Code\Java\Stream\Object\Enumerator\Container\FilterInCacheDyn.java
FlattenStream	E:\Personal\Code\Java\Stream\Object\Enumerator\Container\FlattenStream.java
FlattenStream	E:\Personal\Code\Java\Stream\Object\Enumerator\Container\FlattenStream.java
FlattenStream	E:\Personal\Code\Java\Stream\Object\Enumerator\Container\FlattenStream.java
FlattenStream	E:\Personal\Code\Java\Stream\Object\Enumerator\Container\FlattenStream.java
nextItem	E:\Personal\Code\Java\Stream\Object\Enumerator\Container\FlattenStream.java
getEnumeration	E:\Personal\Code\Java\Stream\Object\Enumerator\Container\Function.java
InverseArray	E:\Personal\Code\Java\Stream\Object\Enumerator\Container\Function.java
mapAt	E:\Personal\Code\Java\Stream\Object\Enumerator\Container\Function.java
getKeys	E:\Personal\Code\Java\Stream\Object\Enumerator\Container\Function.java
getValues	E:\Personal\Code\Java\Stream\Object\Enumerator\Container\Function.java
Function	E:\Personal\Code\Java\Stream\Object\Enumerator\Container\Function.java
Function	E:\Personal\Code\Java\Stream\Object\Enumerator\Container\Function.java
Function	E:\Personal\Code\Java\Stream\Object\Enumerator\Container\Function.java
Function	E:\Personal\Code\Java\Stream\Object\Enumerator\Container\Function.java
Function	E:\Personal\Code\Java\Stream\Object\Enumerator\Container\Function.java
Function	E:\Personal\Code\Java\Stream\Object\Enumerator\Container\Function.java
Iterator	E:\Personal\Code\Java\Stream\Object\Enumerator\Container\Function.java
readRelation	E:\Personal\Code\Java\Stream\Object\Enumerator\Container\Function.java
readAssociation	E:\Personal\Code\Java\Stream\Object\Enumerator\Container\Function.java
findRootFast	E:\Personal\Code\Java\Stream\Object\Enumerator\Container\Function.java
findRoot	E:\Personal\Code\Java\Stream\Object\Enumerator\Container\Function.java
findRootTotal	E:\Personal\Code\Java\Stream\Object\Enumerator\Container\Function.java
isEquivalent	E:\Personal\Code\Java\Stream\Object\Enumerator\Container\Function.java
isEquivalent	E:\Personal\Code\Java\Stream\Object\Enumerator\Container\Function.java
isEquivalentAVG	E:\Personal\Code\Java\Stream\Object\Enumerator\Container\Function.java
isEquivalentMAX	E:\Personal\Code\Java\Stream\Object\Enumerator\Container\Function.java
getAt	E:\Personal\Code\Java\Stream\Object\Enumerator\Container\Function.java
getAt	E:\Personal\Code\Java\Stream\Object\Enumerator\Container\Function.java
getAt	E:\Personal\Code\Java\Stream\Object\Enumerator\Container\Function.java
setAt	E:\Personal\Code\Java\Stream\Object\Enumerator\Container\Function.java
setAt	E:\Personal\Code\Java\Stream\Object\Enumerator\Container\Function.java
replaceAt	E:\Personal\Code\Java\Stream\Object\Enumerator\Container\Function.java
flipAt	E:\Personal\Code\Java\Stream\Object\Enumerator\Container\Function.java
addItems	E:\Personal\Code\Java\Stream\Object\Enumerator\Container\Function.java
addItems	E:\Personal\Code\Java\Stream\Object\Enumerator\Container\Function.java
addItem	E:\Personal\Code\Java\Stream\Object\Enumerator\Container\Function.java
InvalidParameterException	E:\Personal\Code\Java\Stream\Object\Enumerator\Container\Function.java
addItem	E:\Personal\Code\Java\Stream\Object\Enumerator\Container\Function.java
addItem	E:\Personal\Code\Java\Stream\Object\Enumerator\Container\Function.java
addItem	E:\Personal\Code\Java\Stream\Object\Enumerator\Container\Function.java
removeAt	E:\Personal\Code\Java\Stream\Object\Enumerator\Container\Function.java
findFirst	E:\Personal\Code\Java\Stream\Object\Enumerator\Container\Function.java
findNext	E:\Personal\Code\Java\Stream\Object\Enumerator\Container\Function.java
contains	E:\Personal\Code\Java\Stream\Object\Enumerator\Container\Function.java
setAt	E:\Personal\Code\Java\Stream\Object\Enumerator\Container\Function.java
replaceAt	E:\Personal\Code\Java\Stream\Object\Enumerator\Container\Function.java
flipAt	E:\Personal\Code\Java\Stream\Object\Enumerator\Container\Function.java
removeAt	E:\Personal\Code\Java\Stream\Object\Enumerator\Container\Function.java
findFirst	E:\Personal\Code\Java\Stream\Object\Enumerator\Container\Function.java
findNext	E:\Personal\Code\Java\Stream\Object\Enumerator\Container\Function.java
contains	E:\Personal\Code\Java\Stream\Object\Enumerator\Container\Function.java
addItems	E:\Personal\Code\Java\Stream\Object\Enumerator\Container\Function.java
invert	E:\Personal\Code\Java\Stream\Object\Enumerator\Container\Function.java
unMapAt	E:\Personal\Code\Java\Stream\Object\Enumerator\Container\Function.java
map	E:\Personal\Code\Java\Stream\Object\Enumerator\Container\Function.java
map	E:\Personal\Code\Java\Stream\Object\Enumerator\Container\Function.java
map	E:\Personal\Code\Java\Stream\Object\Enumerator\Container\Function.java
mapAt	E:\Personal\Code\Java\Stream\Object\Enumerator\Container\Function.java
mapAt	E:\Personal\Code\Java\Stream\Object\Enumerator\Container\Function.java
mapAt	E:\Personal\Code\Java\Stream\Object\Enumerator\Container\Function.java
toString	E:\Personal\Code\Java\Stream\Object\Enumerator\Container\Function.java
Copy	E:\Personal\Code\Java\Stream\Object\Enumerator\Container\Function.java
isLeftTotal	E:\Personal\Code\Java\Stream\Object\Enumerator\Container\Function.java
isRightTotal	E:\Personal\Code\Java\Stream\Object\Enumerator\Container\Function.java
isBiTotal	E:\Personal\Code\Java\Stream\Object\Enumerator\Container\Function.java
isLeftUnique	E:\Personal\Code\Java\Stream\Object\Enumerator\Container\Function.java
isRightUnique	E:\Personal\Code\Java\Stream\Object\Enumerator\Container\Function.java
isBiUnique	E:\Personal\Code\Java\Stream\Object\Enumerator\Container\Function.java
isLeftUnique	E:\Personal\Code\Java\Stream\Object\Enumerator\Container\Function.java
isReflexive	E:\Personal\Code\Java\Stream\Object\Enumerator\Container\Function.java
isConnex	E:\Personal\Code\Java\Stream\Object\Enumerator\Container\Function.java
testSymmetry	E:\Personal\Code\Java\Stream\Object\Enumerator\Container\Function.java
isIdentitive	E:\Personal\Code\Java\Stream\Object\Enumerator\Container\Function.java
InDegree	E:\Personal\Code\Java\Stream\Object\Enumerator\Container\Function.java
setDegrees	E:\Personal\Code\Java\Stream\Object\Enumerator\Container\Function.java
isTransitive	E:\Personal\Code\Java\Stream\Object\Enumerator\Container\Function.java
isEquivalence	E:\Personal\Code\Java\Stream\Object\Enumerator\Container\Function.java
isOrder	E:\Personal\Code\Java\Stream\Object\Enumerator\Container\Function.java
hullAt	E:\Personal\Code\Java\Stream\Object\Enumerator\Container\Function.java
testIt	E:\Personal\Code\Java\Stream\Object\Enumerator\Container\Function.java
checkRelation	E:\Personal\Code\Java\Stream\Object\Enumerator\Container\Function.java
testEquivalence	E:\Personal\Code\Java\Stream\Object\Enumerator\Container\Function.java
checkRelation	E:\Personal\Code\Java\Stream\Object\Enumerator\Container\Function.java
getAdjList	E:\Personal\Code\Java\Stream\Object\Enumerator\Container\Function.java
sortNodesAt	E:\Personal\Code\Java\Stream\Object\Enumerator\Container\Function.java
testForest	E:\Personal\Code\Java\Stream\Object\Enumerator\Container\Function.java
Test	E:\Personal\Code\Java\Stream\Object\Enumerator\Container\Function.java
HashContainer	E:\Personal\Code\Java\Stream\Object\Enumerator\Container\HashContainer.java
HashContainer	E:\Personal\Code\Java\Stream\Object\Enumerator\Container\HashContainer.java
HashContainer	E:\Personal\Code\Java\Stream\Object\Enumerator\Container\HashContainer.java
HashContainer	E:\Personal\Code\Java\Stream\Object\Enumerator\Container\HashContainer.java
HashContainer	E:\Personal\Code\Java\Stream\Object\Enumerator\Container\HashContainer.java
HashContainer	E:\Personal\Code\Java\Stream\Object\Enumerator\Container\HashContainer.java
newInstance	E:\Personal\Code\Java\Stream\Object\Enumerator\Container\HashContainer.java
removeItemAt	E:\Personal\Code\Java\Stream\Object\Enumerator\Container\HashContainer.java
setCapacity	E:\Personal\Code\Java\Stream\Object\Enumerator\Container\HashContainer.java
rehash	E:\Personal\Code\Java\Stream\Object\Enumerator\Container\HashContainer.java
addAt	E:\Personal\Code\Java\Stream\Object\Enumerator\Container\HashContainer.java
flipItem	E:\Personal\Code\Java\Stream\Object\Enumerator\Container\HashContainer.java
replaceItem	E:\Personal\Code\Java\Stream\Object\Enumerator\Container\HashContainer.java
setItem	E:\Personal\Code\Java\Stream\Object\Enumerator\Container\HashContainer.java
FalseAt	E:\Personal\Code\Java\Stream\Object\Enumerator\Container\HashContainer.java
Copy	E:\Personal\Code\Java\Stream\Object\Enumerator\Container\HashContainer.java
Degree	E:\Personal\Code\Java\Stream\Object\Enumerator\Container\HashContainer.java
testIt	E:\Personal\Code\Java\Stream\Object\Enumerator\Container\HashContainer.java
HashEntry	E:\Personal\Code\Java\Stream\Object\Enumerator\Container\HashEntry.java
HashEntry	E:\Personal\Code\Java\Stream\Object\Enumerator\Container\HashEntry.java
HashEntry	E:\Personal\Code\Java\Stream\Object\Enumerator\Container\HashEntry.java
HashEntry	E:\Personal\Code\Java\Stream\Object\Enumerator\Container\HashEntry.java
HashEntry	E:\Personal\Code\Java\Stream\Object\Enumerator\Container\HashEntry.java
newInstance	E:\Personal\Code\Java\Stream\Object\Enumerator\Container\HashEntry.java
Enumerator	E:\Personal\Code\Java\Stream\Object\Enumerator\Container\HashEntry.java
Copy	E:\Personal\Code\Java\Stream\Object\Enumerator\Container\HashEntry.java
equals	E:\Personal\Code\Java\Stream\Object\Enumerator\Container\HashEntry.java
equals	E:\Personal\Code\Java\Stream\Object\Enumerator\Container\HashEntry.java
removeNext	E:\Personal\Code\Java\Stream\Object\Enumerator\Container\HashEntry.java
replaceCurr	E:\Personal\Code\Java\Stream\Object\Enumerator\Container\HashEntry.java
replaceNext	E:\Personal\Code\Java\Stream\Object\Enumerator\Container\HashEntry.java
addNext	E:\Personal\Code\Java\Stream\Object\Enumerator\Container\HashEntry.java
HashIterator	E:\Personal\Code\Java\Stream\Object\Enumerator\Container\HashIterator.java
HashIterator	E:\Personal\Code\Java\Stream\Object\Enumerator\Container\HashIterator.java
reset	E:\Personal\Code\Java\Stream\Object\Enumerator\Container\HashIterator.java
setFilter	E:\Personal\Code\Java\Stream\Object\Enumerator\Container\HashIterator.java
setFilter	E:\Personal\Code\Java\Stream\Object\Enumerator\Container\HashIterator.java
available	E:\Personal\Code\Java\Stream\Object\Enumerator\Container\HashIterator.java
currItem	E:\Personal\Code\Java\Stream\Object\Enumerator\Container\HashIterator.java
nextItem	E:\Personal\Code\Java\Stream\Object\Enumerator\Container\HashIterator.java
findNext	E:\Personal\Code\Java\Stream\Object\Enumerator\Container\HashIterator.java
replaceCurr	E:\Personal\Code\Java\Stream\Object\Enumerator\Container\HashIterator.java
removeCurr	E:\Personal\Code\Java\Stream\Object\Enumerator\Container\HashIterator.java
forEachThatEquals	E:\Personal\Code\Java\Stream\Object\Enumerator\Container\HashIterator.java
firstOfEachThatEqualsThat	E:\Personal\Code\Java\Stream\Object\Enumerator\Container\HashIterator.java
newInstance	E:\Personal\Code\Java\Stream\Object\Enumerator\Container\Heap.java
setIndex	E:\Personal\Code\Java\Stream\Object\Enumerator\Container\Heap.java
setCapacity	E:\Personal\Code\Java\Stream\Object\Enumerator\Container\Heap.java
upHeap	E:\Personal\Code\Java\Stream\Object\Enumerator\Container\Heap.java
heapify	E:\Personal\Code\Java\Stream\Object\Enumerator\Container\Heap.java
downHeap	E:\Personal\Code\Java\Stream\Object\Enumerator\Container\Heap.java
addItem	E:\Personal\Code\Java\Stream\Object\Enumerator\Container\Heap.java
nextItem	E:\Personal\Code\Java\Stream\Object\Enumerator\Container\Heap.java
replace	E:\Personal\Code\Java\Stream\Object\Enumerator\Container\Heap.java
delete	E:\Personal\Code\Java\Stream\Object\Enumerator\Container\Heap.java
change	E:\Personal\Code\Java\Stream\Object\Enumerator\Container\Heap.java
update	E:\Personal\Code\Java\Stream\Object\Enumerator\Container\Heap.java
toString	E:\Personal\Code\Java\Stream\Object\Enumerator\Container\Heap.java
testIt	E:\Personal\Code\Java\Stream\Object\Enumerator\Container\Heap.java
Hunter	E:\Personal\Code\Java\Stream\Object\Enumerator\Container\Hunter.java
huntInRange	E:\Personal\Code\Java\Stream\Object\Enumerator\Container\Hunter.java
testIt	E:\Personal\Code\Java\Stream\Object\Enumerator\Container\Hunter.java
Index	E:\Personal\Code\Java\Stream\Object\Enumerator\Container\Index.java
Index	E:\Personal\Code\Java\Stream\Object\Enumerator\Container\Index.java
CreatePermutation	E:\Personal\Code\Java\Stream\Object\Enumerator\Container\Index.java
update	E:\Personal\Code\Java\Stream\Object\Enumerator\Container\Index.java
addAt	E:\Personal\Code\Java\Stream\Object\Enumerator\Container\Index.java
Test	E:\Personal\Code\Java\Stream\Object\Enumerator\Container\Join.java
flattenPair	E:\Personal\Code\Java\Stream\Object\Enumerator\Container\JoinStreamByEquivalence.java
JoinStreamByEquivalence	E:\Personal\Code\Java\Stream\Object\Enumerator\Container\JoinStreamByEquivalence.java
JoinStreamByEquivalence	E:\Personal\Code\Java\Stream\Object\Enumerator\Container\JoinStreamByEquivalence.java
nextItem	E:\Personal\Code\Java\Stream\Object\Enumerator\Container\JoinStreamByEquivalence.java
JoinStreamByFields	E:\Personal\Code\Java\Stream\Object\Enumerator\Container\JoinStreamByFields.java
JoinStreamByFields	E:\Personal\Code\Java\Stream\Object\Enumerator\Container\JoinStreamByFields.java
nextItem	E:\Personal\Code\Java\Stream\Object\Enumerator\Container\JoinStreamByFields.java
JoinStreamByKeyIndex	E:\Personal\Code\Java\Stream\Object\Enumerator\Container\JoinStreamByKeyIndex.java
nextItem	E:\Personal\Code\Java\Stream\Object\Enumerator\Container\JoinStreamByKeyIndex.java
JoinStreamByKeysIndex	E:\Personal\Code\Java\Stream\Object\Enumerator\Container\JoinStreamByKeysIndex.java
nextItem	E:\Personal\Code\Java\Stream\Object\Enumerator\Container\JoinStreamByKeysIndex.java
KeyEquivalence	E:\Personal\Code\Java\Stream\Object\Enumerator\Container\KeyEquivalence.java
equals	E:\Personal\Code\Java\Stream\Object\Enumerator\Container\KeyEquivalence.java
HashCode	E:\Personal\Code\Java\Stream\Object\Enumerator\Container\KeyEquivalence.java
KeysEquivalence	E:\Personal\Code\Java\Stream\Object\Enumerator\Container\KeysEquivalence.java
equals	E:\Personal\Code\Java\Stream\Object\Enumerator\Container\KeysEquivalence.java
HashCode	E:\Personal\Code\Java\Stream\Object\Enumerator\Container\KeysEquivalence.java
MapIterator	E:\Personal\Code\Java\Stream\Object\Enumerator\Container\MapIterator.java
available	E:\Personal\Code\Java\Stream\Object\Enumerator\Container\MapIterator.java
nextItem	E:\Personal\Code\Java\Stream\Object\Enumerator\Container\MapIterator.java
reset	E:\Personal\Code\Java\Stream\Object\Enumerator\Container\MapIterator.java
getNextItem	E:\Personal\Code\Java\Stream\Object\Enumerator\Container\MapIterator.java
RecordSet	E:\Personal\Code\Java\Stream\Object\Enumerator\Container\RecordSet.java
RecordSet	E:\Personal\Code\Java\Stream\Object\Enumerator\Container\RecordSet.java
currRow	E:\Personal\Code\Java\Stream\Object\Enumerator\Container\RecordSet.java
currItem	E:\Personal\Code\Java\Stream\Object\Enumerator\Container\RecordSet.java
nextItem	E:\Personal\Code\Java\Stream\Object\Enumerator\Container\RecordSet.java
intValue	E:\Personal\Code\Java\Stream\Object\Enumerator\Container\RecordSet.java
close	E:\Personal\Code\Java\Stream\Object\Enumerator\Container\RecordSet.java
peekItem	E:\Personal\Code\Java\Stream\Object\Enumerator\Container\RecordSet.java
reset	E:\Personal\Code\Java\Stream\Object\Enumerator\Container\RecordSet.java
reset	E:\Personal\Code\Java\Stream\Object\Enumerator\Container\RecordSet.java
mark	E:\Personal\Code\Java\Stream\Object\Enumerator\Container\RecordSet.java
skip	E:\Personal\Code\Java\Stream\Object\Enumerator\Container\RecordSet.java
lastItem	E:\Personal\Code\Java\Stream\Object\Enumerator\Container\RecordSet.java
firstItem	E:\Personal\Code\Java\Stream\Object\Enumerator\Container\RecordSet.java
prevItem	E:\Personal\Code\Java\Stream\Object\Enumerator\Container\RecordSet.java
getAt	E:\Personal\Code\Java\Stream\Object\Enumerator\Container\RecordSet.java
prevRow	E:\Personal\Code\Java\Stream\Object\Enumerator\Container\RecordSet.java
nextRow	E:\Personal\Code\Java\Stream\Object\Enumerator\Container\RecordSet.java
available	E:\Personal\Code\Java\Stream\Object\Enumerator\Container\RecordSet.java
removeAt	E:\Personal\Code\Java\Stream\Object\Enumerator\Container\RecordSet.java
fillCurrRow	E:\Personal\Code\Java\Stream\Object\Enumerator\Container\RecordSet.java
replaceAt	E:\Personal\Code\Java\Stream\Object\Enumerator\Container\RecordSet.java
addAt	E:\Personal\Code\Java\Stream\Object\Enumerator\Container\RecordSet.java
main	E:\Personal\Code\Java\Stream\Object\Enumerator\Container\RecordSet.java
testIt	E:\Personal\Code\Java\Stream\Object\Enumerator\Container\RecordSet.java
getEnumeration	E:\Personal\Code\Java\Stream\Object\Enumerator\Container\Relation.java
InverseArray	E:\Personal\Code\Java\Stream\Object\Enumerator\Container\Relation.java
mapAt	E:\Personal\Code\Java\Stream\Object\Enumerator\Container\Relation.java
getKeys	E:\Personal\Code\Java\Stream\Object\Enumerator\Container\Relation.java
getValues	E:\Personal\Code\Java\Stream\Object\Enumerator\Container\Relation.java
Relation	E:\Personal\Code\Java\Stream\Object\Enumerator\Container\Relation.java
Relation	E:\Personal\Code\Java\Stream\Object\Enumerator\Container\Relation.java
Relation	E:\Personal\Code\Java\Stream\Object\Enumerator\Container\Relation.java
Iterator	E:\Personal\Code\Java\Stream\Object\Enumerator\Container\Relation.java
readRelation	E:\Personal\Code\Java\Stream\Object\Enumerator\Container\Relation.java
readAssociation	E:\Personal\Code\Java\Stream\Object\Enumerator\Container\Relation.java
getAt	E:\Personal\Code\Java\Stream\Object\Enumerator\Container\Relation.java
getAt	E:\Personal\Code\Java\Stream\Object\Enumerator\Container\Relation.java
setAt	E:\Personal\Code\Java\Stream\Object\Enumerator\Container\Relation.java
replaceAt	E:\Personal\Code\Java\Stream\Object\Enumerator\Container\Relation.java
flipAt	E:\Personal\Code\Java\Stream\Object\Enumerator\Container\Relation.java
addItems	E:\Personal\Code\Java\Stream\Object\Enumerator\Container\Relation.java
addItems	E:\Personal\Code\Java\Stream\Object\Enumerator\Container\Relation.java
addItem	E:\Personal\Code\Java\Stream\Object\Enumerator\Container\Relation.java
addItem	E:\Personal\Code\Java\Stream\Object\Enumerator\Container\Relation.java
addItem	E:\Personal\Code\Java\Stream\Object\Enumerator\Container\Relation.java
addItem	E:\Personal\Code\Java\Stream\Object\Enumerator\Container\Relation.java
removeAt	E:\Personal\Code\Java\Stream\Object\Enumerator\Container\Relation.java
findFirst	E:\Personal\Code\Java\Stream\Object\Enumerator\Container\Relation.java
findNext	E:\Personal\Code\Java\Stream\Object\Enumerator\Container\Relation.java
contains	E:\Personal\Code\Java\Stream\Object\Enumerator\Container\Relation.java
setAt	E:\Personal\Code\Java\Stream\Object\Enumerator\Container\Relation.java
replaceAt	E:\Personal\Code\Java\Stream\Object\Enumerator\Container\Relation.java
flipAt	E:\Personal\Code\Java\Stream\Object\Enumerator\Container\Relation.java
removeAt	E:\Personal\Code\Java\Stream\Object\Enumerator\Container\Relation.java
findFirst	E:\Personal\Code\Java\Stream\Object\Enumerator\Container\Relation.java
findNext	E:\Personal\Code\Java\Stream\Object\Enumerator\Container\Relation.java
contains	E:\Personal\Code\Java\Stream\Object\Enumerator\Container\Relation.java
addItems	E:\Personal\Code\Java\Stream\Object\Enumerator\Container\Relation.java
invert	E:\Personal\Code\Java\Stream\Object\Enumerator\Container\Relation.java
unMapAt	E:\Personal\Code\Java\Stream\Object\Enumerator\Container\Relation.java
map	E:\Personal\Code\Java\Stream\Object\Enumerator\Container\Relation.java
map	E:\Personal\Code\Java\Stream\Object\Enumerator\Container\Relation.java
map	E:\Personal\Code\Java\Stream\Object\Enumerator\Container\Relation.java
mapAt	E:\Personal\Code\Java\Stream\Object\Enumerator\Container\Relation.java
mapAt	E:\Personal\Code\Java\Stream\Object\Enumerator\Container\Relation.java
mapAt	E:\Personal\Code\Java\Stream\Object\Enumerator\Container\Relation.java
toString	E:\Personal\Code\Java\Stream\Object\Enumerator\Container\Relation.java
isLeftTotal	E:\Personal\Code\Java\Stream\Object\Enumerator\Container\Relation.java
isRightTotal	E:\Personal\Code\Java\Stream\Object\Enumerator\Container\Relation.java
isBiTotal	E:\Personal\Code\Java\Stream\Object\Enumerator\Container\Relation.java
isLeftUnique	E:\Personal\Code\Java\Stream\Object\Enumerator\Container\Relation.java
isRightUnique	E:\Personal\Code\Java\Stream\Object\Enumerator\Container\Relation.java
isBiUnique	E:\Personal\Code\Java\Stream\Object\Enumerator\Container\Relation.java
isLeftUnique	E:\Personal\Code\Java\Stream\Object\Enumerator\Container\Relation.java
isReflexive	E:\Personal\Code\Java\Stream\Object\Enumerator\Container\Relation.java
isConnex	E:\Personal\Code\Java\Stream\Object\Enumerator\Container\Relation.java
testSymmetry	E:\Personal\Code\Java\Stream\Object\Enumerator\Container\Relation.java
isIdentitive	E:\Personal\Code\Java\Stream\Object\Enumerator\Container\Relation.java
InDegree	E:\Personal\Code\Java\Stream\Object\Enumerator\Container\Relation.java
setDegrees	E:\Personal\Code\Java\Stream\Object\Enumerator\Container\Relation.java
isTransitive	E:\Personal\Code\Java\Stream\Object\Enumerator\Container\Relation.java
isEquivalence	E:\Personal\Code\Java\Stream\Object\Enumerator\Container\Relation.java
isOrder	E:\Personal\Code\Java\Stream\Object\Enumerator\Container\Relation.java
hullAt	E:\Personal\Code\Java\Stream\Object\Enumerator\Container\Relation.java
testIt	E:\Personal\Code\Java\Stream\Object\Enumerator\Container\Relation.java
testEquivalence	E:\Personal\Code\Java\Stream\Object\Enumerator\Container\Relation.java
checkRelation	E:\Personal\Code\Java\Stream\Object\Enumerator\Container\Relation.java
getAdjList	E:\Personal\Code\Java\Stream\Object\Enumerator\Container\Relation.java
sortNodesAt	E:\Personal\Code\Java\Stream\Object\Enumerator\Container\Relation.java
testForest	E:\Personal\Code\Java\Stream\Object\Enumerator\Container\Relation.java
isSet	E:\Personal\Code\Java\Stream\Object\Enumerator\Container\Set.java
set	E:\Personal\Code\Java\Stream\Object\Enumerator\Container\Set.java
unSet	E:\Personal\Code\Java\Stream\Object\Enumerator\Container\Set.java
Set	E:\Personal\Code\Java\Stream\Object\Enumerator\Container\Set.java
Set	E:\Personal\Code\Java\Stream\Object\Enumerator\Container\Set.java
testIt	E:\Personal\Code\Java\Stream\Object\Enumerator\Container\Set.java
AChangeStreamIn	E:\Personal\Code\Java\Stream\Object\Enumerator\AChangeStreamIn.java
ChangeIterator	E:\Personal\Code\Java\Stream\Object\Enumerator\AChangeStreamIn.java
testIt	E:\Personal\Code\Java\Stream\Object\Enumerator\AChangeStreamIn.java
AEnumerator	E:\Personal\Code\Java\Stream\Object\Enumerator\AEnumerator.java
AEnumerator	E:\Personal\Code\Java\Stream\Object\Enumerator\AEnumerator.java
Enumerator	E:\Personal\Code\Java\Stream\Object\Enumerator\AEnumerator.java
addNext	E:\Personal\Code\Java\Stream\Object\Enumerator\AEnumerator.java
replaceNext	E:\Personal\Code\Java\Stream\Object\Enumerator\AEnumerator.java
removeNext	E:\Personal\Code\Java\Stream\Object\Enumerator\AEnumerator.java
reset	E:\Personal\Code\Java\Stream\Object\Enumerator\AIndexEnumerator.java
reset	E:\Personal\Code\Java\Stream\Object\Enumerator\AIndexEnumerator.java
mark	E:\Personal\Code\Java\Stream\Object\Enumerator\AIndexEnumerator.java
skip	E:\Personal\Code\Java\Stream\Object\Enumerator\AIndexEnumerator.java
setAt	E:\Personal\Code\Java\Stream\Object\Enumerator\AIndexEnumerator.java
replaceNext	E:\Personal\Code\Java\Stream\Object\Enumerator\AIndexEnumerator.java
replacePrev	E:\Personal\Code\Java\Stream\Object\Enumerator\AIndexEnumerator.java
replaceCurr	E:\Personal\Code\Java\Stream\Object\Enumerator\AIndexEnumerator.java
removeNext	E:\Personal\Code\Java\Stream\Object\Enumerator\AIndexEnumerator.java
removePrev	E:\Personal\Code\Java\Stream\Object\Enumerator\AIndexEnumerator.java
removeCurr	E:\Personal\Code\Java\Stream\Object\Enumerator\AIndexEnumerator.java
addCurr	E:\Personal\Code\Java\Stream\Object\Enumerator\AIndexEnumerator.java
addNext	E:\Personal\Code\Java\Stream\Object\Enumerator\AIndexEnumerator.java
addPrev	E:\Personal\Code\Java\Stream\Object\Enumerator\AIndexEnumerator.java
removeRel	E:\Personal\Code\Java\Stream\Object\Enumerator\AIndexEnumerator.java
replaceRel	E:\Personal\Code\Java\Stream\Object\Enumerator\AIndexEnumerator.java
addRel	E:\Personal\Code\Java\Stream\Object\Enumerator\AIndexEnumerator.java
firstIndexOf	E:\Personal\Code\Java\Stream\Object\Enumerator\AIndexEnumerator.java
lastIndexOf	E:\Personal\Code\Java\Stream\Object\Enumerator\AIndexEnumerator.java
firstIndexOf	E:\Personal\Code\Java\Stream\Object\Enumerator\AIndexEnumerator.java
lastIndexOf	E:\Personal\Code\Java\Stream\Object\Enumerator\AIndexEnumerator.java
firstIndexOf	E:\Personal\Code\Java\Stream\Object\Enumerator\AIndexEnumerator.java
lastIndexOf	E:\Personal\Code\Java\Stream\Object\Enumerator\AIndexEnumerator.java
addItems	E:\Personal\Code\Java\Stream\Object\Enumerator\APipe.java
preset	E:\Personal\Code\Java\Stream\Object\Enumerator\AReverseEnumerator.java
reset	E:\Personal\Code\Java\Stream\Object\Enumerator\AReverseEnumerator.java
replacePrev	E:\Personal\Code\Java\Stream\Object\Enumerator\AReverseEnumerator.java
replaceCurr	E:\Personal\Code\Java\Stream\Object\Enumerator\AReverseEnumerator.java
ArrayEnum	E:\Personal\Code\Java\Stream\Object\Enumerator\ArrayEnum.java
ArrayEnum	E:\Personal\Code\Java\Stream\Object\Enumerator\ArrayEnum.java
ArrayEnum	E:\Personal\Code\Java\Stream\Object\Enumerator\ArrayEnum.java
ArrayEnum	E:\Personal\Code\Java\Stream\Object\Enumerator\ArrayEnum.java
getAt	E:\Personal\Code\Java\Stream\Object\Enumerator\ArrayEnum.java
nextItem	E:\Personal\Code\Java\Stream\Object\Enumerator\ArrayEnum.java
prevItem	E:\Personal\Code\Java\Stream\Object\Enumerator\ArrayEnum.java
preset	E:\Personal\Code\Java\Stream\Object\Enumerator\ArrayEnum.java
skip	E:\Personal\Code\Java\Stream\Object\Enumerator\ArrayEnum.java
addAt	E:\Personal\Code\Java\Stream\Object\Enumerator\ArrayEnum.java
replaceAt	E:\Personal\Code\Java\Stream\Object\Enumerator\ArrayEnum.java
removeAt	E:\Personal\Code\Java\Stream\Object\Enumerator\ArrayEnum.java
replaceCurr	E:\Personal\Code\Java\Stream\Object\Enumerator\ArrayEnum.java
removeCurr	E:\Personal\Code\Java\Stream\Object\Enumerator\ArrayEnum.java
addPrev	E:\Personal\Code\Java\Stream\Object\Enumerator\ArrayEnum.java
replacePrev	E:\Personal\Code\Java\Stream\Object\Enumerator\ArrayEnum.java
removePrev	E:\Personal\Code\Java\Stream\Object\Enumerator\ArrayEnum.java
addNext	E:\Personal\Code\Java\Stream\Object\Enumerator\ArrayEnum.java
replaceNext	E:\Personal\Code\Java\Stream\Object\Enumerator\ArrayEnum.java
removeNext	E:\Personal\Code\Java\Stream\Object\Enumerator\ArrayEnum.java
ArrayEnumDbl	E:\Personal\Code\Java\Stream\Object\Enumerator\ArrayEnumDbl.java
ArrayEnumDbl	E:\Personal\Code\Java\Stream\Object\Enumerator\ArrayEnumDbl.java
nextFloat	E:\Personal\Code\Java\Stream\Object\Enumerator\ArrayEnumDbl.java
nextDouble	E:\Personal\Code\Java\Stream\Object\Enumerator\ArrayEnumDbl.java
getAt	E:\Personal\Code\Java\Stream\Object\Enumerator\ArrayEnumDbl.java
addAt	E:\Personal\Code\Java\Stream\Object\Enumerator\ArrayEnumDbl.java
replaceAt	E:\Personal\Code\Java\Stream\Object\Enumerator\ArrayEnumDbl.java
removeAt	E:\Personal\Code\Java\Stream\Object\Enumerator\ArrayEnumDbl.java
replaceCurr	E:\Personal\Code\Java\Stream\Object\Enumerator\ArrayEnumDbl.java
removeCurr	E:\Personal\Code\Java\Stream\Object\Enumerator\ArrayEnumDbl.java
addPrev	E:\Personal\Code\Java\Stream\Object\Enumerator\ArrayEnumDbl.java
replacePrev	E:\Personal\Code\Java\Stream\Object\Enumerator\ArrayEnumDbl.java
removePrev	E:\Personal\Code\Java\Stream\Object\Enumerator\ArrayEnumDbl.java
addNext	E:\Personal\Code\Java\Stream\Object\Enumerator\ArrayEnumDbl.java
replaceNext	E:\Personal\Code\Java\Stream\Object\Enumerator\ArrayEnumDbl.java
removeNext	E:\Personal\Code\Java\Stream\Object\Enumerator\ArrayEnumDbl.java
ArrayEnumPrim	E:\Personal\Code\Java\Stream\Object\Enumerator\ArrayEnumPrim.java
ArrayEnumPrim	E:\Personal\Code\Java\Stream\Object\Enumerator\ArrayEnumPrim.java
addAt	E:\Personal\Code\Java\Stream\Object\Enumerator\ArrayEnumPrim.java
replaceAt	E:\Personal\Code\Java\Stream\Object\Enumerator\ArrayEnumPrim.java
removeAt	E:\Personal\Code\Java\Stream\Object\Enumerator\ArrayEnumPrim.java
addCurr	E:\Personal\Code\Java\Stream\Object\Enumerator\ArrayEnumPrim.java
replaceCurr	E:\Personal\Code\Java\Stream\Object\Enumerator\ArrayEnumPrim.java
removeCurr	E:\Personal\Code\Java\Stream\Object\Enumerator\ArrayEnumPrim.java
addPrev	E:\Personal\Code\Java\Stream\Object\Enumerator\ArrayEnumPrim.java
replacePrev	E:\Personal\Code\Java\Stream\Object\Enumerator\ArrayEnumPrim.java
removePrev	E:\Personal\Code\Java\Stream\Object\Enumerator\ArrayEnumPrim.java
addNext	E:\Personal\Code\Java\Stream\Object\Enumerator\ArrayEnumPrim.java
replaceNext	E:\Personal\Code\Java\Stream\Object\Enumerator\ArrayEnumPrim.java
removeNext	E:\Personal\Code\Java\Stream\Object\Enumerator\ArrayEnumPrim.java
CachePipe	E:\Personal\Code\Java\Stream\Object\Enumerator\CachePipe.java
CachePipe	E:\Personal\Code\Java\Stream\Object\Enumerator\CachePipe.java
nextItem	E:\Personal\Code\Java\Stream\Object\Enumerator\CachePipe.java
addItem	E:\Personal\Code\Java\Stream\Object\Enumerator\CachePipe.java
DblListItem	E:\Personal\Code\Java\Stream\Object\Enumerator\DblListItem.java
removePrev	E:\Personal\Code\Java\Stream\Object\Enumerator\DblListItem.java
replacePrev	E:\Personal\Code\Java\Stream\Object\Enumerator\DblListItem.java
addPrev	E:\Personal\Code\Java\Stream\Object\Enumerator\DblListItem.java
removeCurr	E:\Personal\Code\Java\Stream\Object\Enumerator\DblListItem.java
replaceCurr	E:\Personal\Code\Java\Stream\Object\Enumerator\DblListItem.java
addCurr	E:\Personal\Code\Java\Stream\Object\Enumerator\DblListItem.java
preset	E:\Personal\Code\Java\Stream\Object\Enumerator\DblListItem.java
reset	E:\Personal\Code\Java\Stream\Object\Enumerator\DblListItem.java
testIt	E:\Personal\Code\Java\Stream\Object\Enumerator\Enumerator2Enumeration.java
remove	E:\Personal\Code\Java\Stream\Object\Enumerator\Enumerator2Iterator.java
testIt	E:\Personal\Code\Java\Stream\Object\Enumerator\Enumerator2Iterator.java
replaceNext	E:\Personal\Code\Java\Stream\Object\Enumerator\FilterEnumerator.java
removeCurr	E:\Personal\Code\Java\Stream\Object\Enumerator\FilterEnumerator.java
replaceCurr	E:\Personal\Code\Java\Stream\Object\Enumerator\FilterEnumerator.java
nextItem	E:\Personal\Code\Java\Stream\Object\Enumerator\Iterator2Enumerator.java
available	E:\Personal\Code\Java\Stream\Object\Enumerator\Iterator2Enumerator.java
replaceCurr	E:\Personal\Code\Java\Stream\Object\Enumerator\Iterator2Enumerator.java
reset	E:\Personal\Code\Java\Stream\Object\Enumerator\Iterator2Enumerator.java
reset	E:\Personal\Code\Java\Stream\Object\Enumerator\Iterator2Enumerator.java
testIt	E:\Personal\Code\Java\Stream\Object\Enumerator\Iterator2Enumerator.java
getRootSimple	E:\Personal\Code\Java\Stream\Object\Enumerator\ListItem.java
getRoot	E:\Personal\Code\Java\Stream\Object\Enumerator\ListItem.java
getRootTotal	E:\Personal\Code\Java\Stream\Object\Enumerator\ListItem.java
equals	E:\Personal\Code\Java\Stream\Object\Enumerator\ListItem.java
insertNext	E:\Personal\Code\Java\Stream\Object\Enumerator\ListItem.java
removeNext	E:\Personal\Code\Java\Stream\Object\Enumerator\ListItem.java
equals	E:\Personal\Code\Java\Stream\Object\Enumerator\ListItem.java
removeNext	E:\Personal\Code\Java\Stream\Object\Enumerator\ListItem.java
replaceCurr	E:\Personal\Code\Java\Stream\Object\Enumerator\ListItem.java
replaceNext	E:\Personal\Code\Java\Stream\Object\Enumerator\ListItem.java
addNext	E:\Personal\Code\Java\Stream\Object\Enumerator\ListItem.java
ListItem	E:\Personal\Code\Java\Stream\Object\Enumerator\ListItem.java
ListItem	E:\Personal\Code\Java\Stream\Object\Enumerator\ListItem.java
ListItem	E:\Personal\Code\Java\Stream\Object\Enumerator\ListItem.java
ListItem	E:\Personal\Code\Java\Stream\Object\Enumerator\ListItem.java
Enumerator	E:\Personal\Code\Java\Stream\Object\Enumerator\ListItem.java
ChangeIterator	E:\Personal\Code\Java\Stream\Object\Enumerator\ListItem.java
AND	E:\Personal\Code\Java\Stream\Object\AND.java
available	E:\Personal\Code\Java\Stream\Object\AND.java
nextItem	E:\Personal\Code\Java\Stream\Object\AND.java
testIt	E:\Personal\Code\Java\Stream\Object\AND.java
AParserIn	E:\Personal\Code\Java\Stream\Object\AParserIn.java
nextItem	E:\Personal\Code\Java\Stream\Object\ArrayStreamIn.java
currItem	E:\Personal\Code\Java\Stream\Object\ArrayStreamIn.java
skip	E:\Personal\Code\Java\Stream\Object\ArrayStreamIn.java
reset	E:\Personal\Code\Java\Stream\Object\ArrayStreamIn.java
mark	E:\Personal\Code\Java\Stream\Object\ArrayStreamIn.java
testIt	E:\Personal\Code\Java\Stream\Object\ArrayStreamIn.java
getFilter	E:\Personal\Code\Java\Stream\Object\AStreamIn.java
setFilter	E:\Personal\Code\Java\Stream\Object\AStreamIn.java
AStreamIn	E:\Personal\Code\Java\Stream\Object\AStreamIn.java
Iterator	E:\Personal\Code\Java\Stream\Object\AStreamIn.java
getAt	E:\Personal\Code\Java\Stream\Object\AStreamIn.java
forEachThatEquals	E:\Personal\Code\Java\Stream\Object\AStreamIn.java
firstOfEachThatEqualsThat	E:\Personal\Code\Java\Stream\Object\AStreamIn.java
nextOfEachThatEqualsThat	E:\Personal\Code\Java\Stream\Object\AStreamIn.java
contains	E:\Personal\Code\Java\Stream\Object\AStreamIn.java
SubEq	E:\Personal\Code\Java\Stream\Object\AStreamIn.java
peekItem	E:\Personal\Code\Java\Stream\Object\AStreamIn.java
reset	E:\Personal\Code\Java\Stream\Object\AStreamIn.java
reset	E:\Personal\Code\Java\Stream\Object\AStreamIn.java
mark	E:\Personal\Code\Java\Stream\Object\AStreamIn.java
toString	E:\Personal\Code\Java\Stream\Object\AStreamIn.java
Min	E:\Personal\Code\Java\Stream\Object\AStreamIn.java
Max	E:\Personal\Code\Java\Stream\Object\AStreamIn.java
sortDegree	E:\Personal\Code\Java\Stream\Object\AStreamIn.java
sortDegree	E:\Personal\Code\Java\Stream\Object\AStreamIn.java
stream	E:\Personal\Code\Java\Stream\Object\AStreamIn.java
stream	E:\Personal\Code\Java\Stream\Object\AStreamIn.java
lastItem	E:\Personal\Code\Java\Stream\Object\AStreamIn.java
forEachThatEquals	E:\Personal\Code\Java\Stream\Object\AStreamIn.java
nextOfEachThatEqualsThat	E:\Personal\Code\Java\Stream\Object\AStreamIn.java
nextItems	E:\Personal\Code\Java\Stream\Object\AStreamIn.java
nextItems	E:\Personal\Code\Java\Stream\Object\AStreamIn.java
nextItems	E:\Personal\Code\Java\Stream\Object\AStreamIn.java
skip	E:\Personal\Code\Java\Stream\Object\AStreamIn.java
contains	E:\Personal\Code\Java\Stream\Object\AStreamIn.java
SubEq	E:\Personal\Code\Java\Stream\Object\AStreamIn.java
identical	E:\Personal\Code\Java\Stream\Object\AStreamIn.java
Iterator	E:\Personal\Code\Java\Stream\Object\AStreamSet.java
getAt	E:\Personal\Code\Java\Stream\Object\AStreamSet.java
nextItems	E:\Personal\Code\Java\Stream\Object\AStreamSet.java
nextItems	E:\Personal\Code\Java\Stream\Object\AStreamSet.java
nextItems	E:\Personal\Code\Java\Stream\Object\AStreamSet.java
forEachThatEquals	E:\Personal\Code\Java\Stream\Object\AStreamSet.java
firstOfEachThatEqualsThat	E:\Personal\Code\Java\Stream\Object\AStreamSet.java
nextOfEachThatEqualsThat	E:\Personal\Code\Java\Stream\Object\AStreamSet.java
contains	E:\Personal\Code\Java\Stream\Object\AStreamSet.java
SubEq	E:\Personal\Code\Java\Stream\Object\AStreamSet.java
peekItem	E:\Personal\Code\Java\Stream\Object\AStreamSet.java
reset	E:\Personal\Code\Java\Stream\Object\AStreamSet.java
reset	E:\Personal\Code\Java\Stream\Object\AStreamSet.java
mark	E:\Personal\Code\Java\Stream\Object\AStreamSet.java
mark	E:\Personal\Code\Java\Stream\Object\AStreamSet.java
available	E:\Personal\Code\Java\Stream\Object\Cantor.java
nextItem	E:\Personal\Code\Java\Stream\Object\Cantor.java
reset	E:\Personal\Code\Java\Stream\Object\Cantor.java
nextItem	E:\Personal\Code\Java\Stream\Object\ConstructorStreamIn.java
ConstructorStreamIn	E:\Personal\Code\Java\Stream\Object\ConstructorStreamIn.java
CopyStreamIn	E:\Personal\Code\Java\Stream\Object\CopyStreamIn.java
nextItem	E:\Personal\Code\Java\Stream\Object\CopyStreamIn.java
stream	E:\Personal\Code\Java\Stream\Object\CopyStreamOut.java
CopyStreamOut	E:\Personal\Code\Java\Stream\Object\CopyStreamOut.java
addItem	E:\Personal\Code\Java\Stream\Object\CopyStreamOut.java
DIFF	E:\Personal\Code\Java\Stream\Object\DIFF.java
available	E:\Personal\Code\Java\Stream\Object\DIFF.java
nextItem	E:\Personal\Code\Java\Stream\Object\DIFF.java
reset	E:\Personal\Code\Java\Stream\Object\DIFF.java
testIt	E:\Personal\Code\Java\Stream\Object\DIFF.java
available	E:\Personal\Code\Java\Stream\Object\Enumeration2StreamIn.java
testIt	E:\Personal\Code\Java\Stream\Object\Enumeration2StreamIn.java
Iterator	E:\Personal\Code\Java\Stream\Object\FilterIn.java
getOrder	E:\Personal\Code\Java\Stream\Object\FilterIn.java
reset	E:\Personal\Code\Java\Stream\Object\FilterIn.java
mark	E:\Personal\Code\Java\Stream\Object\FilterIn.java
reset	E:\Personal\Code\Java\Stream\Object\FilterIn.java
mark	E:\Personal\Code\Java\Stream\Object\FilterIn.java
forEachThatEquals	E:\Personal\Code\Java\Stream\Object\FilterIn.java
nextOfEachThatEqualsThat	E:\Personal\Code\Java\Stream\Object\FilterIn.java
FilterInByBitMask	E:\Personal\Code\Java\Stream\Object\FilterInByBitMask.java
nextItem	E:\Personal\Code\Java\Stream\Object\FilterInByBitMask.java
reset	E:\Personal\Code\Java\Stream\Object\FilterInByBitMask.java
testIt	E:\Personal\Code\Java\Stream\Object\FilterInByBitMask.java
FilterInByBoolean	E:\Personal\Code\Java\Stream\Object\FilterInByBoolean.java
nextItem	E:\Personal\Code\Java\Stream\Object\FilterInByBoolean.java
reset	E:\Personal\Code\Java\Stream\Object\FilterInByBoolean.java
testIt	E:\Personal\Code\Java\Stream\Object\FilterInByBoolean.java
FilterInByFunction	E:\Personal\Code\Java\Stream\Object\FilterInByFunction.java
FilterInByFunction	E:\Personal\Code\Java\Stream\Object\FilterInByFunction.java
nextItem	E:\Personal\Code\Java\Stream\Object\FilterInByFunction.java
testIt	E:\Personal\Code\Java\Stream\Object\FilterInByFunction.java
FilterInByTester	E:\Personal\Code\Java\Stream\Object\FilterInByTester.java
FilterInByTester	E:\Personal\Code\Java\Stream\Object\FilterInByTester.java
FilterInByTester	E:\Personal\Code\Java\Stream\Object\FilterInByTester.java
nextItem	E:\Personal\Code\Java\Stream\Object\FilterInByTester.java
testIt	E:\Personal\Code\Java\Stream\Object\FilterInByTester.java
FilterInCache	E:\Personal\Code\Java\Stream\Object\FilterInCache.java
FilterInCache	E:\Personal\Code\Java\Stream\Object\FilterInCache.java
reset	E:\Personal\Code\Java\Stream\Object\FilterInCache.java
mark	E:\Personal\Code\Java\Stream\Object\FilterInCache.java
mark	E:\Personal\Code\Java\Stream\Object\FilterInCache.java
reset	E:\Personal\Code\Java\Stream\Object\FilterInCache.java
nextItem	E:\Personal\Code\Java\Stream\Object\FilterInCache.java
available	E:\Personal\Code\Java\Stream\Object\FilterInCache.java
testIt	E:\Personal\Code\Java\Stream\Object\FilterInCache.java
FilterInPair	E:\Personal\Code\Java\Stream\Object\FilterInPair.java
nextItem	E:\Personal\Code\Java\Stream\Object\FilterInPair.java
testIt	E:\Personal\Code\Java\Stream\Object\FilterInPair.java
FilterOutByFunction	E:\Personal\Code\Java\Stream\Object\FilterOutByFunction.java
FilterOutByFunction	E:\Personal\Code\Java\Stream\Object\FilterOutByFunction.java
addItem	E:\Personal\Code\Java\Stream\Object\FilterOutByFunction.java
testIt	E:\Personal\Code\Java\Stream\Object\FilterOutByFunction.java
FilterOutByTester	E:\Personal\Code\Java\Stream\Object\FilterOutByTester.java
FilterOutByTester	E:\Personal\Code\Java\Stream\Object\FilterOutByTester.java
FilterOutByTester	E:\Personal\Code\Java\Stream\Object\FilterOutByTester.java
addItem	E:\Personal\Code\Java\Stream\Object\FilterOutByTester.java
testIt	E:\Personal\Code\Java\Stream\Object\FilterOutByTester.java
remove	E:\Personal\Code\Java\Stream\Object\IStreamIn2Iterator.java
testIt	E:\Personal\Code\Java\Stream\Object\IStreamIn2Iterator.java
testIt	E:\Personal\Code\Java\Stream\Object\Iterator2StreamIn.java
JoinStreamByCols	E:\Personal\Code\Java\Stream\Object\JoinStreamByCols.java
JoinStreamByCols	E:\Personal\Code\Java\Stream\Object\JoinStreamByCols.java
nextItem	E:\Personal\Code\Java\Stream\Object\JoinStreamByCols.java
JoinStreamByTest	E:\Personal\Code\Java\Stream\Object\JoinStreamByTest.java
nextItem	E:\Personal\Code\Java\Stream\Object\JoinStreamByTest.java
Merger	E:\Personal\Code\Java\Stream\Object\Merger.java
available	E:\Personal\Code\Java\Stream\Object\Merger.java
nextItem	E:\Personal\Code\Java\Stream\Object\Merger.java
reset	E:\Personal\Code\Java\Stream\Object\Merger.java
reset	E:\Personal\Code\Java\Stream\Object\Merger.java
testIt	E:\Personal\Code\Java\Stream\Object\Merger.java
ModificationException	E:\Personal\Code\Java\Stream\Object\ModificationException.java
ModificationException	E:\Personal\Code\Java\Stream\Object\ModificationException.java
ModificationException	E:\Personal\Code\Java\Stream\Object\ModificationException.java
available	E:\Personal\Code\Java\Stream\Object\MultiplexerIn.java
nextItem	E:\Personal\Code\Java\Stream\Object\MultiplexerIn.java
reset	E:\Personal\Code\Java\Stream\Object\MultiplexerIn.java
addItem	E:\Personal\Code\Java\Stream\Object\MultiplexerOut.java
nextItem	E:\Personal\Code\Java\Stream\Object\NullFilterIn.java
testIt	E:\Personal\Code\Java\Stream\Object\NullFilterIn.java
addItem	E:\Personal\Code\Java\Stream\Object\NullFilterOut.java
testIt	E:\Personal\Code\Java\Stream\Object\NullFilterOut.java
NumberStream	E:\Personal\Code\Java\Stream\Object\NumberStream.java
NumberStream	E:\Personal\Code\Java\Stream\Object\NumberStream.java
NumberStream	E:\Personal\Code\Java\Stream\Object\NumberStream.java
NumberStream	E:\Personal\Code\Java\Stream\Object\NumberStream.java
available	E:\Personal\Code\Java\Stream\Object\NumberStream.java
nextItem	E:\Personal\Code\Java\Stream\Object\NumberStream.java
Iterator	E:\Personal\Code\Java\Stream\Object\NumberStream.java
getOrder	E:\Personal\Code\Java\Stream\Object\NumberStream.java
skip	E:\Personal\Code\Java\Stream\Object\NumberStream.java
reset	E:\Personal\Code\Java\Stream\Object\NumberStream.java
mark	E:\Personal\Code\Java\Stream\Object\NumberStream.java
testIt	E:\Personal\Code\Java\Stream\Object\NumberStream.java
available	E:\Personal\Code\Java\Stream\Object\Product.java
nextItem	E:\Personal\Code\Java\Stream\Object\Product.java
reset	E:\Personal\Code\Java\Stream\Object\Product.java
reset	E:\Personal\Code\Java\Stream\Object\Product.java
testIt	E:\Personal\Code\Java\Stream\Object\StreamIn2Enumeration.java
nextItem	E:\Personal\Code\Java\Stream\Object\StreamIterator.java
StreamParser	E:\Personal\Code\Java\Stream\Object\StreamParser.java
available	E:\Personal\Code\Java\Stream\Object\StreamParser.java
reStart	E:\Personal\Code\Java\Stream\Object\StreamParser.java
nextItem	E:\Personal\Code\Java\Stream\Object\StreamParser.java
getFilter	E:\Personal\Code\Java\Stream\Object\StreamSet.java
setFilter	E:\Personal\Code\Java\Stream\Object\StreamSet.java
StreamSet	E:\Personal\Code\Java\Stream\Object\StreamSet.java
Iterator	E:\Personal\Code\Java\Stream\Object\StreamSet.java
peekItem	E:\Personal\Code\Java\Stream\Object\StreamSet.java
reset	E:\Personal\Code\Java\Stream\Object\StreamSet.java
mark	E:\Personal\Code\Java\Stream\Object\StreamSet.java
DIFFat	E:\Personal\Code\Java\Stream\Object\StreamSet.java
addAt	E:\Personal\Code\Java\Stream\Object\StreamSet.java
mulAt	E:\Personal\Code\Java\Stream\Object\StreamSet.java
copyAt	E:\Personal\Code\Java\Stream\Object\StreamSet.java
fromStreamAt	E:\Personal\Code\Java\Stream\Object\StreamSet.java
simplify	E:\Personal\Code\Java\Stream\Object\StreamSet.java
testIt	E:\Personal\Code\Java\Stream\Object\StreamSet.java
StringStreamOut	E:\Personal\Code\Java\Stream\Object\StringStreamIn.java
nextItem	E:\Personal\Code\Java\Stream\Object\StringStreamIn.java
currItem	E:\Personal\Code\Java\Stream\Object\StringStreamIn.java
skip	E:\Personal\Code\Java\Stream\Object\StringStreamIn.java
reset	E:\Personal\Code\Java\Stream\Object\StringStreamIn.java
mark	E:\Personal\Code\Java\Stream\Object\StringStreamIn.java
toString	E:\Personal\Code\Java\Stream\Object\StringStreamIn.java
testIt	E:\Personal\Code\Java\Stream\Object\StringStreamIn.java
XOR	E:\Personal\Code\Java\Stream\Object\Union.java
OR	E:\Personal\Code\Java\Stream\Object\Union.java
equals	E:\Personal\Code\Java\Stream\Object\Union.java
SubEq	E:\Personal\Code\Java\Stream\Object\Union.java
equalsIgnoreSequence	E:\Personal\Code\Java\Stream\Object\Union.java
available	E:\Personal\Code\Java\Stream\Object\Union.java
reset	E:\Personal\Code\Java\Stream\Object\Union.java
nextItem	E:\Personal\Code\Java\Stream\Object\Union.java
equals	E:\Personal\Code\Java\Stream\Copy\Group\Ring\ABoolRing.java
testIt	E:\Personal\Code\Java\Stream\Copy\Group\Ring\ABoolRing.java
copyModulAt	E:\Personal\Code\Java\Stream\Copy\Group\Ring\AIntRing.java
copyAt	E:\Personal\Code\Java\Stream\Copy\Group\Ring\AIntRing.java
toUpper	E:\Personal\Code\Java\Stream\Copy\Group\Ring\AIntRing.java
FracAtIntAt	E:\Personal\Code\Java\Stream\Copy\Group\Ring\AIntRing.java
FracIntAt	E:\Personal\Code\Java\Stream\Copy\Group\Ring\AIntRing.java
ModlAt	E:\Personal\Code\Java\Stream\Copy\Group\Ring\AIntRing.java
ModDivAt	E:\Personal\Code\Java\Stream\Copy\Group\Ring\AIntRing.java
ModDivAt	E:\Personal\Code\Java\Stream\Copy\Group\Ring\AIntRing.java
ModAtDivAt	E:\Personal\Code\Java\Stream\Copy\Group\Ring\AIntRing.java
ggT	E:\Personal\Code\Java\Stream\Copy\Group\Ring\AIntRing.java
XggT	E:\Personal\Code\Java\Stream\Copy\Group\Ring\AIntRing.java
kgV	E:\Personal\Code\Java\Stream\Copy\Group\Ring\AIntRing.java
ResidAt	E:\Personal\Code\Java\Stream\Copy\Group\Ring\AIntRing.java
AIntRing	E:\Personal\Code\Java\Stream\Copy\Group\Ring\AIntRing.java
VariCombi	E:\Personal\Code\Java\Stream\Copy\Group\Ring\AIntRing.java
Combination	E:\Personal\Code\Java\Stream\Copy\Group\Ring\AIntRing.java
FactAt	E:\Personal\Code\Java\Stream\Copy\Group\Ring\AIntRing.java
dblFactAt	E:\Personal\Code\Java\Stream\Copy\Group\Ring\AIntRing.java
mul2PowAt	E:\Personal\Code\Java\Stream\Copy\Group\Ring\AIntRing.java
testIt	E:\Personal\Code\Java\Stream\Copy\Group\Ring\AIntRing.java
Init	E:\Personal\Code\Java\Stream\Copy\Group\Ring\ARefiner.java
ARefiner	E:\Personal\Code\Java\Stream\Copy\Group\Ring\ARefiner.java
ARefiner	E:\Personal\Code\Java\Stream\Copy\Group\Ring\ARefiner.java
testRefiner	E:\Personal\Code\Java\Stream\Copy\Group\Ring\ARefiner.java
testIt	E:\Personal\Code\Java\Stream\Copy\Group\Ring\ARing.java
AStepper	E:\Personal\Code\Java\Stream\Copy\Group\Ring\AStepper.java
AStepper	E:\Personal\Code\Java\Stream\Copy\Group\Ring\AStepper.java
Init	E:\Personal\Code\Java\Stream\Copy\Group\Ring\AStepper.java
Init	E:\Personal\Code\Java\Stream\Copy\Group\Ring\AStepper.java
Init	E:\Personal\Code\Java\Stream\Copy\Group\Ring\AStepper.java
Init	E:\Personal\Code\Java\Stream\Copy\Group\Ring\AStepper.java
testIt	E:\Personal\Code\Java\Stream\Copy\Group\Ring\AStepper.java
FracAtIntAt	E:\Personal\Code\Java\Stream\Copy\Group\Ring\CIntRing.java
ModAtDivAt	E:\Personal\Code\Java\Stream\Copy\Group\Ring\CIntRing.java
FracIntAt	E:\Personal\Code\Java\Stream\Copy\Group\Ring\CIntRing.java
ModDivAt	E:\Personal\Code\Java\Stream\Copy\Group\Ring\CIntRing.java
XggT	E:\Personal\Code\Java\Stream\Copy\Group\Ring\CIntRing.java
Variation	E:\Personal\Code\Java\Stream\Copy\Group\Ring\CIntRing.java
VariCombi	E:\Personal\Code\Java\Stream\Copy\Group\Ring\CIntRing.java
Combination	E:\Personal\Code\Java\Stream\Copy\Group\Ring\CIntRing.java
reset	E:\Personal\Code\Java\Stream\Copy\Group\Ring\Extrapolator.java
addPoint	E:\Personal\Code\Java\Stream\Copy\Group\Ring\Extrapolator.java
testIt	E:\Personal\Code\Java\Stream\Copy\Group\Ring\Extrapolator.java
Init	E:\Personal\Code\Java\Stream\Copy\Group\Ring\FalsiStep.java
FalsiStep	E:\Personal\Code\Java\Stream\Copy\Group\Ring\FalsiStep.java
FalsiStep	E:\Personal\Code\Java\Stream\Copy\Group\Ring\FalsiStep.java
refine	E:\Personal\Code\Java\Stream\Copy\Group\Ring\FalsiStep.java
testIt	E:\Personal\Code\Java\Stream\Copy\Group\Ring\FalsiStep.java
testRefiner	E:\Personal\Code\Java\Stream\Copy\Group\Ring\FalsiStep.java
FixPtStep	E:\Personal\Code\Java\Stream\Copy\Group\Ring\FixPtStep.java
refine	E:\Personal\Code\Java\Stream\Copy\Group\Ring\FixPtStep.java
testIt	E:\Personal\Code\Java\Stream\Copy\Group\Ring\FixPtStep.java
allocate	E:\Personal\Code\Java\Stream\Copy\Group\Ring\Interpolator.java
Interpolator	E:\Personal\Code\Java\Stream\Copy\Group\Ring\Interpolator.java
Interpolator	E:\Personal\Code\Java\Stream\Copy\Group\Ring\Interpolator.java
addPoint	E:\Personal\Code\Java\Stream\Copy\Group\Ring\Interpolator.java
Horner	E:\Personal\Code\Java\Stream\Copy\Group\Ring\Interpolator.java
testIt	E:\Personal\Code\Java\Stream\Copy\Group\Ring\Interpolator.java
Init	E:\Personal\Code\Java\Stream\Copy\Group\Ring\NewtonStep.java
NewtonStep	E:\Personal\Code\Java\Stream\Copy\Group\Ring\NewtonStep.java
refine	E:\Personal\Code\Java\Stream\Copy\Group\Ring\NewtonStep.java
testIt	E:\Personal\Code\Java\Stream\Copy\Group\Ring\NewtonStep.java
NewtonStep2	E:\Personal\Code\Java\Stream\Copy\Group\Ring\NewtonStep2.java
refine	E:\Personal\Code\Java\Stream\Copy\Group\Ring\NewtonStep2.java
testIt	E:\Personal\Code\Java\Stream\Copy\Group\Ring\NewtonStep2.java
Init	E:\Personal\Code\Java\Stream\Copy\Group\Ring\StepMP.java
StepMP	E:\Personal\Code\Java\Stream\Copy\Group\Ring\StepMP.java
Step	E:\Personal\Code\Java\Stream\Copy\Group\Ring\StepMP.java
testIt	E:\Personal\Code\Java\Stream\Copy\Group\Ring\StepMP.java
Init	E:\Personal\Code\Java\Stream\Copy\Group\Ring\StepRK.java
StepRK	E:\Personal\Code\Java\Stream\Copy\Group\Ring\StepRK.java
Step	E:\Personal\Code\Java\Stream\Copy\Group\Ring\StepRK.java
testIt	E:\Personal\Code\Java\Stream\Copy\Group\Ring\StepRK.java
Init	E:\Personal\Code\Java\Stream\Copy\Group\Ring\StepTrapez.java
StepTrapez	E:\Personal\Code\Java\Stream\Copy\Group\Ring\StepTrapez.java
StepTrapez	E:\Personal\Code\Java\Stream\Copy\Group\Ring\StepTrapez.java
Step	E:\Personal\Code\Java\Stream\Copy\Group\Ring\StepTrapez.java
testIt	E:\Personal\Code\Java\Stream\Copy\Group\Ring\StepTrapez.java
mulAt	E:\Personal\Code\Java\Stream\Copy\Group\AGroup.java
testIt	E:\Personal\Code\Java\Stream\Copy\Group\AGroup.java
mul2PowAt	E:\Personal\Code\Java\Stream\Copy\Group\AHalfGroup.java
mulAt	E:\Personal\Code\Java\Stream\Copy\Group\AHalfGroup.java
invAt	E:\Personal\Code\Java\Stream\Copy\GroupM\AGroupM.java
PowAt	E:\Personal\Code\Java\Stream\Copy\GroupM\AGroupM.java
testIt	E:\Personal\Code\Java\Stream\Copy\GroupM\AGroupM.java
Pow2PowAt	E:\Personal\Code\Java\Stream\Copy\GroupM\AHalfGroupM.java
PowAt	E:\Personal\Code\Java\Stream\Copy\GroupM\AHalfGroupM.java
copyAt	E:\Personal\Code\Java\Stream\Copy\GroupM\AHalfGroupM.java
newInstance	E:\Personal\Code\Java\Stream\Copy\GroupM\AHalfGroupM.java
fromStreamAt	E:\Personal\Code\Java\Stream\Copy\GroupM\AHalfGroupM.java
testIt	E:\Personal\Code\Java\Stream\Copy\GroupM\AHalfGroupM.java
MapAt	E:\Personal\Code\Java\Stream\Copy\Monoid\AHalfMonoid.java
mapAt	E:\Personal\Code\Java\Stream\Copy\Monoid\AHalfMonoid.java
catAt	E:\Personal\Code\Java\Stream\Copy\Monoid\AHalfMonoid.java
mll2PowAt	E:\Personal\Code\Java\Stream\Copy\Monoid\AHalfMonoid.java
mllAt	E:\Personal\Code\Java\Stream\Copy\Monoid\AHalfMonoid.java
simplify	E:\Personal\Code\Java\Stream\Copy\Monoid\AHalfMonoid.java
fromStreamAt	E:\Personal\Code\Java\Stream\Copy\Monoid\AHalfMonoid.java
testIt	E:\Personal\Code\Java\Stream\Copy\Monoid\AHalfMonoid.java
getInverse	E:\Personal\Code\Java\Stream\Copy\Monoid\AMapper.java
invert	E:\Personal\Code\Java\Stream\Copy\Monoid\AMapper.java
UnMap	E:\Personal\Code\Java\Stream\Copy\Monoid\AMapper.java
UnMapAt	E:\Personal\Code\Java\Stream\Copy\Monoid\AMapper.java
AMonoid	E:\Personal\Code\Java\Stream\Copy\Monoid\AMonoid.java
UnMapAt	E:\Personal\Code\Java\Stream\Copy\Monoid\AMonoid.java
Identity	E:\Personal\Code\Java\Stream\Copy\Monoid\AMonoid.java
unCatAt	E:\Personal\Code\Java\Stream\Copy\Monoid\AMonoid.java
unMapAt	E:\Personal\Code\Java\Stream\Copy\Monoid\AMonoid.java
reSolve	E:\Personal\Code\Java\Stream\Copy\Monoid\AMonoid.java
invertAt	E:\Personal\Code\Java\Stream\Copy\Monoid\AMonoid.java
invert	E:\Personal\Code\Java\Stream\Copy\Monoid\AMonoid.java
mllAt	E:\Personal\Code\Java\Stream\Copy\Monoid\AMonoid.java
testIt	E:\Personal\Code\Java\Stream\Copy\Monoid\AMonoid.java
endsWith	E:\Personal\Code\Java\Stream\Copy\Monoid\ArrayMonoid.java
indexOf	E:\Personal\Code\Java\Stream\Copy\Monoid\ArrayMonoid.java
lastIndexOf	E:\Personal\Code\Java\Stream\Copy\Monoid\ArrayMonoid.java
ArrayMonoid	E:\Personal\Code\Java\Stream\Copy\Monoid\ArrayMonoid.java
ArrayMonoid	E:\Personal\Code\Java\Stream\Copy\Monoid\ArrayMonoid.java
newInstance	E:\Personal\Code\Java\Stream\Copy\Monoid\ArrayMonoid.java
copyAt	E:\Personal\Code\Java\Stream\Copy\Monoid\ArrayMonoid.java
toString	E:\Personal\Code\Java\Stream\Copy\Monoid\ArrayMonoid.java
fromStreamAt	E:\Personal\Code\Java\Stream\Copy\Monoid\ArrayMonoid.java
catAt	E:\Personal\Code\Java\Stream\Copy\Monoid\ArrayMonoid.java
mapAt	E:\Personal\Code\Java\Stream\Copy\Monoid\ArrayMonoid.java
unMapAt	E:\Personal\Code\Java\Stream\Copy\Monoid\ArrayMonoid.java
testIt	E:\Personal\Code\Java\Stream\Copy\Monoid\ArrayMonoid.java
main	E:\Personal\Code\Java\Stream\Copy\Monoid\ArrayMonoid.java
Association	E:\Personal\Code\Java\Stream\Copy\Monoid\Association.java
Association	E:\Personal\Code\Java\Stream\Copy\Monoid\Association.java
Association	E:\Personal\Code\Java\Stream\Copy\Monoid\Association.java
hashCode2	E:\Personal\Code\Java\Stream\Copy\Monoid\Association.java
Test	E:\Personal\Code\Java\Stream\Copy\Monoid\Association.java
invertAt	E:\Personal\Code\Java\Stream\Copy\Monoid\Association.java
mapAt	E:\Personal\Code\Java\Stream\Copy\Monoid\Association.java
MapAt	E:\Personal\Code\Java\Stream\Copy\Monoid\Association.java
unMapAt	E:\Personal\Code\Java\Stream\Copy\Monoid\Association.java
UnMapAt	E:\Personal\Code\Java\Stream\Copy\Monoid\Association.java
unMap	E:\Personal\Code\Java\Stream\Copy\Monoid\Association.java
UnMap	E:\Personal\Code\Java\Stream\Copy\Monoid\Association.java
mapAt	E:\Personal\Code\Java\Stream\Copy\Monoid\Association.java
solveAt	E:\Personal\Code\Java\Stream\Copy\Monoid\Association.java
solve	E:\Personal\Code\Java\Stream\Copy\Monoid\Association.java
reSolve	E:\Personal\Code\Java\Stream\Copy\Monoid\Association.java
solve	E:\Personal\Code\Java\Stream\Copy\Monoid\Association.java
map	E:\Personal\Code\Java\Stream\Copy\Monoid\Association.java
copyAt	E:\Personal\Code\Java\Stream\Copy\Monoid\Association.java
testIt	E:\Personal\Code\Java\Stream\Copy\Monoid\Association.java
equals	E:\Personal\Code\Java\Stream\Copy\Monoid\AssociationEquivalence.java
HashCode	E:\Personal\Code\Java\Stream\Copy\Monoid\AssociationEquivalence.java
hashCode	E:\Personal\Code\Java\Stream\Copy\Monoid\Pair.java
equals	E:\Personal\Code\Java\Stream\Copy\Monoid\Pair.java
testIt	E:\Personal\Code\Java\Stream\Copy\Monoid\Pair.java
lTrim	E:\Personal\Code\Java\Stream\Copy\Monoid\StringMonoid.java
rTrim	E:\Personal\Code\Java\Stream\Copy\Monoid\StringMonoid.java
mTrim	E:\Personal\Code\Java\Stream\Copy\Monoid\StringMonoid.java
trim	E:\Personal\Code\Java\Stream\Copy\Monoid\StringMonoid.java
upper	E:\Personal\Code\Java\Stream\Copy\Monoid\StringMonoid.java
lower	E:\Personal\Code\Java\Stream\Copy\Monoid\StringMonoid.java
StringMonoid	E:\Personal\Code\Java\Stream\Copy\Monoid\StringMonoid.java
StringMonoid	E:\Personal\Code\Java\Stream\Copy\Monoid\StringMonoid.java
copyAt	E:\Personal\Code\Java\Stream\Copy\Monoid\StringMonoid.java
fromStreamAt	E:\Personal\Code\Java\Stream\Copy\Monoid\StringMonoid.java
catAt	E:\Personal\Code\Java\Stream\Copy\Monoid\StringMonoid.java
mapAt	E:\Personal\Code\Java\Stream\Copy\Monoid\StringMonoid.java
unMapAt	E:\Personal\Code\Java\Stream\Copy\Monoid\StringMonoid.java
testIt	E:\Personal\Code\Java\Stream\Copy\Monoid\StringMonoid.java
main	E:\Personal\Code\Java\Stream\Copy\Monoid\StringMonoid.java
main	E:\Personal\Code\Java\Stream\Copy\Monoid\testMonoid.java
equals	E:\Personal\Code\Java\Stream\Copy\Boole\ABond.java
ABoole	E:\Personal\Code\Java\Stream\Copy\Boole\ABoole.java
MinBond	E:\Personal\Code\Java\Stream\Copy\Boole\MinBond.java
Position	E:\Personal\Code\Java\Stream\Copy\Boole\Probability.java
compareTo	E:\Personal\Code\Java\Stream\Copy\Boole\Probability.java
setValue	E:\Personal\Code\Java\Stream\Copy\Boole\Ternary.java
Ternary	E:\Personal\Code\Java\Stream\Copy\Boole\Ternary.java
FalseAt	E:\Personal\Code\Java\Stream\Copy\Boole\Ternary.java
TrueAt	E:\Personal\Code\Java\Stream\Copy\Boole\Ternary.java
testIt	E:\Personal\Code\Java\Stream\Copy\Boole\Ternary.java
getTester	E:\Personal\Code\Java\Stream\Copy\Boole\TesterBond.java
TesterBond	E:\Personal\Code\Java\Stream\Copy\Boole\TesterBond.java
Test	E:\Personal\Code\Java\Stream\Copy\Boole\TesterBond.java
FalseAt	E:\Personal\Code\Java\Stream\Copy\Boole\TesterBond.java
simplify	E:\Personal\Code\Java\Stream\Copy\Boole\TesterBond.java
newInstanceSafe	E:\Personal\Code\Java\Stream\Copy\ACopyAble.java
newInstance	E:\Personal\Code\Java\Stream\Copy\ACopyAble.java
shallowCopyAt	E:\Personal\Code\Java\Stream\Copy\ACopyAble.java
copy	E:\Personal\Code\Java\Stream\Copy\ACopyAble.java
shallowCopy	E:\Personal\Code\Java\Stream\Copy\ACopyAble.java
copy	E:\Personal\Code\Java\Stream\Copy\ACopyAble.java
copyAtSafe	E:\Personal\Code\Java\Stream\Copy\ACopyAble.java
ArrayCopyAt	E:\Personal\Code\Java\Stream\Copy\ACopyAble.java
copyAt	E:\Personal\Code\Java\Stream\Copy\ACopyAble.java
copyAt	E:\Personal\Code\Java\Stream\Copy\ACopyAble.java
CopyAt	E:\Personal\Code\Java\Stream\Copy\ACopyAble.java
copyAt	E:\Personal\Code\Java\Stream\Copy\ACopyAble.java
copy	E:\Personal\Code\Java\Stream\Copy\ACopyAble.java
copy	E:\Personal\Code\Java\Stream\Copy\ACopyAble.java
shallowCopy	E:\Personal\Code\Java\Stream\Copy\ACopyAble.java
copyAt	E:\Personal\Code\Java\Stream\Copy\ACopyAble.java
newInstance	E:\Personal\Code\Java\Stream\Copy\ACopyAble.java
newInstance_	E:\Personal\Code\Java\Stream\Copy\ACopyAble.java
toString	E:\Personal\Code\Java\Stream\Copy\ACopyAble.java
fromStreamAt	E:\Personal\Code\Java\Stream\Copy\ACopyAble.java
fromStreamAt	E:\Personal\Code\Java\Stream\Copy\ACopyAble.java
fromStream	E:\Personal\Code\Java\Stream\Copy\ACopyAble.java
fromString	E:\Personal\Code\Java\Stream\Copy\ACopyAble.java
fromStringAt	E:\Personal\Code\Java\Stream\Copy\ACopyAble.java
testIt	E:\Personal\Code\Java\Stream\Copy\ACopyAble.java
fromStreamAt	E:\Personal\Code\Java\Stream\Copy\CCopyAble.java
shallowCopyAt	E:\Personal\Code\Java\Stream\Copy\CCopyAble.java
fromStreamAt	E:\Personal\Code\Java\Stream\Copy\CCopyAble.java
fromStreamAt	E:\Personal\Code\Java\Stream\Copy\CCopyAble.java
testIt	E:\Personal\Code\Java\Stream\Copy\CCopyAble.java
fromStream	E:\Personal\Code\Java\Stream\Copy\CopyAble.java
fromStream	E:\Personal\Code\Java\Stream\Copy\CopyAble.java
fromString	E:\Personal\Code\Java\Stream\Copy\CopyAble.java
AFilterByte	E:\Personal\Code\Java\Stream\Byte\AFilterByte.java
AFilterByte	E:\Personal\Code\Java\Stream\Byte\AFilterByte.java
AFilterByte	E:\Personal\Code\Java\Stream\Byte\AFilterByte.java
AFilterByte	E:\Personal\Code\Java\Stream\Byte\AFilterByte.java
write	E:\Personal\Code\Java\Stream\Byte\AFilterByte.java
flush	E:\Personal\Code\Java\Stream\Byte\AFilterByte.java
close	E:\Personal\Code\Java\Stream\Byte\AFilterByte.java
write	E:\Personal\Code\Java\Stream\Byte\AFilterByte.java
write	E:\Personal\Code\Java\Stream\Byte\AFilterByte.java
write	E:\Personal\Code\Java\Stream\Byte\AFilterByte.java
write	E:\Personal\Code\Java\Stream\Byte\AFilterByte.java
testIt	E:\Personal\Code\Java\Stream\Byte\AFilterByte.java
AFilterIn_Byte	E:\Personal\Code\Java\Stream\Byte\AFilterIn_Byte.java
AFilterIn_Byte	E:\Personal\Code\Java\Stream\Byte\AFilterIn_Byte.java
AFilterIn_Byte	E:\Personal\Code\Java\Stream\Byte\AFilterIn_Byte.java
read	E:\Personal\Code\Java\Stream\Byte\AFilterIn_Byte.java
available	E:\Personal\Code\Java\Stream\Byte\AFilterIn_Byte.java
close	E:\Personal\Code\Java\Stream\Byte\AFilterIn_Byte.java
mark	E:\Personal\Code\Java\Stream\Byte\AFilterIn_Byte.java
reset	E:\Personal\Code\Java\Stream\Byte\AFilterIn_Byte.java
markSupported	E:\Personal\Code\Java\Stream\Byte\AFilterIn_Byte.java
testIt	E:\Personal\Code\Java\Stream\Byte\AFilterIn_Byte.java
AFilterOutByte	E:\Personal\Code\Java\Stream\Byte\AFilterOutByte.java
AFilterOutByte	E:\Personal\Code\Java\Stream\Byte\AFilterOutByte.java
write	E:\Personal\Code\Java\Stream\Byte\AFilterOutByte.java
flush	E:\Personal\Code\Java\Stream\Byte\AFilterOutByte.java
close	E:\Personal\Code\Java\Stream\Byte\AFilterOutByte.java
testIt	E:\Personal\Code\Java\Stream\Byte\AFilterOutByte.java
read	E:\Personal\Code\Java\Stream\Byte\AStreamIn_Byte.java
read	E:\Personal\Code\Java\Stream\Byte\AStreamIn_Byte.java
skip	E:\Personal\Code\Java\Stream\Byte\AStreamIn_Byte.java
read	E:\Personal\Code\Java\Stream\Byte\AStreamIn_Byte.java
read	E:\Personal\Code\Java\Stream\Byte\AStreamIn_Byte.java
read	E:\Personal\Code\Java\Stream\Byte\AStreamIn_Byte.java
read	E:\Personal\Code\Java\Stream\Byte\AStreamIn_Byte.java
read	E:\Personal\Code\Java\Stream\Byte\AStreamIn_Byte.java
read	E:\Personal\Code\Java\Stream\Byte\AStreamIn_Byte.java
write	E:\Personal\Code\Java\Stream\Byte\AStreamOutByte.java
write	E:\Personal\Code\Java\Stream\Byte\AStreamOutByte.java
write	E:\Personal\Code\Java\Stream\Byte\AStreamOutByte.java
write	E:\Personal\Code\Java\Stream\Byte\AStreamOutByte.java
FileStreamByte	E:\Personal\Code\Java\Stream\Byte\FileStreamByte.java
FileStreamByte	E:\Personal\Code\Java\Stream\Byte\FileStreamByte.java
mark	E:\Personal\Code\Java\Stream\Byte\FileStreamByte.java
reset	E:\Personal\Code\Java\Stream\Byte\FileStreamByte.java
available	E:\Personal\Code\Java\Stream\Byte\FileStreamByte.java
read	E:\Personal\Code\Java\Stream\Byte\FileStreamByte.java
read	E:\Personal\Code\Java\Stream\Byte\FileStreamByte.java
read	E:\Personal\Code\Java\Stream\Byte\FileStreamByte.java
read	E:\Personal\Code\Java\Stream\Byte\FileStreamByte.java
read	E:\Personal\Code\Java\Stream\Byte\FileStreamByte.java
read	E:\Personal\Code\Java\Stream\Byte\FileStreamByte.java
write	E:\Personal\Code\Java\Stream\Byte\FileStreamByte.java
write	E:\Personal\Code\Java\Stream\Byte\FileStreamByte.java
write	E:\Personal\Code\Java\Stream\Byte\FileStreamByte.java
read	E:\Personal\Code\Java\Stream\Byte\FileStreamIn_Byte.java
read	E:\Personal\Code\Java\Stream\Byte\FileStreamIn_Byte.java
read	E:\Personal\Code\Java\Stream\Byte\FileStreamIn_Byte.java
read	E:\Personal\Code\Java\Stream\Byte\FileStreamIn_Byte.java
read	E:\Personal\Code\Java\Stream\Byte\FileStreamIn_Byte.java
read	E:\Personal\Code\Java\Stream\Byte\FileStreamIn_Byte.java
FileStreamOutByte	E:\Personal\Code\Java\Stream\Byte\FileStreamOutByte.java
FileStreamOutByte	E:\Personal\Code\Java\Stream\Byte\FileStreamOutByte.java
FileStreamOutByte	E:\Personal\Code\Java\Stream\Byte\FileStreamOutByte.java
FileStreamOutByte	E:\Personal\Code\Java\Stream\Byte\FileStreamOutByte.java
write	E:\Personal\Code\Java\Stream\Byte\FileStreamOutByte.java
write	E:\Personal\Code\Java\Stream\Byte\FileStreamOutByte.java
write	E:\Personal\Code\Java\Stream\Byte\FileStreamOutByte.java
encode	E:\Personal\Code\Java\Stream\Byte\FilterASCII2Base64.java
FilterASCII2Base64	E:\Personal\Code\Java\Stream\Byte\FilterASCII2Base64.java
FilterASCII2Base64	E:\Personal\Code\Java\Stream\Byte\FilterASCII2Base64.java
FilterASCII2Base64	E:\Personal\Code\Java\Stream\Byte\FilterASCII2Base64.java
FilterASCII2Base64	E:\Personal\Code\Java\Stream\Byte\FilterASCII2Base64.java
read	E:\Personal\Code\Java\Stream\Byte\FilterASCII2Base64.java
write	E:\Personal\Code\Java\Stream\Byte\FilterASCII2Base64.java
flush	E:\Personal\Code\Java\Stream\Byte\FilterASCII2Base64.java
testIt	E:\Personal\Code\Java\Stream\Byte\FilterASCII2Base64.java
decode	E:\Personal\Code\Java\Stream\Byte\FilterBase64ToASCII.java
FilterBase64ToASCII	E:\Personal\Code\Java\Stream\Byte\FilterBase64ToASCII.java
FilterBase64ToASCII	E:\Personal\Code\Java\Stream\Byte\FilterBase64ToASCII.java
FilterBase64ToASCII	E:\Personal\Code\Java\Stream\Byte\FilterBase64ToASCII.java
FilterBase64ToASCII	E:\Personal\Code\Java\Stream\Byte\FilterBase64ToASCII.java
skipHeader	E:\Personal\Code\Java\Stream\Byte\FilterBase64ToASCII.java
write	E:\Personal\Code\Java\Stream\Byte\FilterBase64ToASCII.java
flush	E:\Personal\Code\Java\Stream\Byte\FilterBase64ToASCII.java
read	E:\Personal\Code\Java\Stream\Byte\FilterBase64ToASCII.java
testIt	E:\Personal\Code\Java\Stream\Byte\FilterBase64ToASCII.java
char2Nibble	E:\Personal\Code\Java\Stream\Byte\FilterBinHex2Byte.java
char2Byte	E:\Personal\Code\Java\Stream\Byte\FilterBinHex2Byte.java
byte2UByte	E:\Personal\Code\Java\Stream\Byte\FilterBinHex2Byte.java
FilterBinHex2Byte	E:\Personal\Code\Java\Stream\Byte\FilterBinHex2Byte.java
FilterBinHex2Byte	E:\Personal\Code\Java\Stream\Byte\FilterBinHex2Byte.java
FilterBinHex2Byte	E:\Personal\Code\Java\Stream\Byte\FilterBinHex2Byte.java
FilterBinHex2Byte	E:\Personal\Code\Java\Stream\Byte\FilterBinHex2Byte.java
read	E:\Personal\Code\Java\Stream\Byte\FilterBinHex2Byte.java
write	E:\Personal\Code\Java\Stream\Byte\FilterBinHex2Byte.java
testIt	E:\Personal\Code\Java\Stream\Byte\FilterBinHex2Byte.java
hexCode	E:\Personal\Code\Java\Stream\Byte\FilterByte2BinHex.java
hexCode	E:\Personal\Code\Java\Stream\Byte\FilterByte2BinHex.java
FilterByte2BinHex	E:\Personal\Code\Java\Stream\Byte\FilterByte2BinHex.java
FilterByte2BinHex	E:\Personal\Code\Java\Stream\Byte\FilterByte2BinHex.java
FilterByte2BinHex	E:\Personal\Code\Java\Stream\Byte\FilterByte2BinHex.java
FilterByte2BinHex	E:\Personal\Code\Java\Stream\Byte\FilterByte2BinHex.java
read	E:\Personal\Code\Java\Stream\Byte\FilterByte2BinHex.java
write	E:\Personal\Code\Java\Stream\Byte\FilterByte2BinHex.java
testIt	E:\Personal\Code\Java\Stream\Byte\FilterByte2BinHex.java
fillByte	E:\Personal\Code\Java\Stream\Byte\FilterByte2UTF8.java
FilterByte2UTF8	E:\Personal\Code\Java\Stream\Byte\FilterByte2UTF8.java
FilterByte2UTF8	E:\Personal\Code\Java\Stream\Byte\FilterByte2UTF8.java
FilterByte2UTF8	E:\Personal\Code\Java\Stream\Byte\FilterByte2UTF8.java
FilterByte2UTF8	E:\Personal\Code\Java\Stream\Byte\FilterByte2UTF8.java
write	E:\Personal\Code\Java\Stream\Byte\FilterByte2UTF8.java
read	E:\Personal\Code\Java\Stream\Byte\FilterByte2UTF8.java
testIt	E:\Personal\Code\Java\Stream\Byte\FilterByte2UTF8.java
updateCRC16	E:\Personal\Code\Java\Stream\Byte\FilterCRC16.java
FilterCRC16	E:\Personal\Code\Java\Stream\Byte\FilterCRC16.java
FilterCRC16	E:\Personal\Code\Java\Stream\Byte\FilterCRC16.java
FilterCRC16	E:\Personal\Code\Java\Stream\Byte\FilterCRC16.java
FilterCRC16	E:\Personal\Code\Java\Stream\Byte\FilterCRC16.java
write	E:\Personal\Code\Java\Stream\Byte\FilterCRC16.java
read	E:\Personal\Code\Java\Stream\Byte\FilterCRC16.java
testIt	E:\Personal\Code\Java\Stream\Byte\FilterCRC16.java
updateCRC32	E:\Personal\Code\Java\Stream\Byte\FilterCRC32.java
FilterCRC32	E:\Personal\Code\Java\Stream\Byte\FilterCRC32.java
FilterCRC32	E:\Personal\Code\Java\Stream\Byte\FilterCRC32.java
FilterCRC32	E:\Personal\Code\Java\Stream\Byte\FilterCRC32.java
FilterCRC32	E:\Personal\Code\Java\Stream\Byte\FilterCRC32.java
write	E:\Personal\Code\Java\Stream\Byte\FilterCRC32.java
read	E:\Personal\Code\Java\Stream\Byte\FilterCRC32.java
testIt	E:\Personal\Code\Java\Stream\Byte\FilterCRC32.java
FilterCrypt	E:\Personal\Code\Java\Stream\Byte\FilterCrypt.java
FilterCrypt	E:\Personal\Code\Java\Stream\Byte\FilterCrypt.java
FilterCrypt	E:\Personal\Code\Java\Stream\Byte\FilterCrypt.java
FilterCrypt	E:\Personal\Code\Java\Stream\Byte\FilterCrypt.java
FilterCrypt	E:\Personal\Code\Java\Stream\Byte\FilterCrypt.java
FilterCrypt	E:\Personal\Code\Java\Stream\Byte\FilterCrypt.java
FilterCrypt	E:\Personal\Code\Java\Stream\Byte\FilterCrypt.java
FilterCrypt	E:\Personal\Code\Java\Stream\Byte\FilterCrypt.java
init	E:\Personal\Code\Java\Stream\Byte\FilterCrypt.java
encryptByte	E:\Personal\Code\Java\Stream\Byte\FilterCrypt.java
read	E:\Personal\Code\Java\Stream\Byte\FilterCrypt.java
write	E:\Personal\Code\Java\Stream\Byte\FilterCrypt.java
testIt	E:\Personal\Code\Java\Stream\Byte\FilterCrypt.java
ASCII2EBCDIC	E:\Personal\Code\Java\Stream\Byte\FilterLookup.java
EBCDIC2ASCII	E:\Personal\Code\Java\Stream\Byte\FilterLookup.java
FilterLookup	E:\Personal\Code\Java\Stream\Byte\FilterLookup.java
FilterLookup	E:\Personal\Code\Java\Stream\Byte\FilterLookup.java
FilterLookup	E:\Personal\Code\Java\Stream\Byte\FilterLookup.java
FilterLookup	E:\Personal\Code\Java\Stream\Byte\FilterLookup.java
read	E:\Personal\Code\Java\Stream\Byte\FilterLookup.java
write	E:\Personal\Code\Java\Stream\Byte\FilterLookup.java
testIt	E:\Personal\Code\Java\Stream\Byte\FilterLookup.java
FilterUrlDecode	E:\Personal\Code\Java\Stream\Byte\FilterUrlDecode.java
FilterUrlDecode	E:\Personal\Code\Java\Stream\Byte\FilterUrlDecode.java
FilterUrlDecode	E:\Personal\Code\Java\Stream\Byte\FilterUrlDecode.java
FilterUrlDecode	E:\Personal\Code\Java\Stream\Byte\FilterUrlDecode.java
read	E:\Personal\Code\Java\Stream\Byte\FilterUrlDecode.java
write	E:\Personal\Code\Java\Stream\Byte\FilterUrlDecode.java
testIt	E:\Personal\Code\Java\Stream\Byte\FilterUrlDecode.java
UrlEncode	E:\Personal\Code\Java\Stream\Byte\FilterUrlEncode.java
FilterUrlEncode	E:\Personal\Code\Java\Stream\Byte\FilterUrlEncode.java
FilterUrlEncode	E:\Personal\Code\Java\Stream\Byte\FilterUrlEncode.java
FilterUrlEncode	E:\Personal\Code\Java\Stream\Byte\FilterUrlEncode.java
FilterUrlEncode	E:\Personal\Code\Java\Stream\Byte\FilterUrlEncode.java
read	E:\Personal\Code\Java\Stream\Byte\FilterUrlEncode.java
write	E:\Personal\Code\Java\Stream\Byte\FilterUrlEncode.java
testIt	E:\Personal\Code\Java\Stream\Byte\FilterUrlEncode.java
Unicode2Byte	E:\Personal\Code\Java\Stream\Byte\FilterUTF8ToByte.java
FilterUTF8ToByte	E:\Personal\Code\Java\Stream\Byte\FilterUTF8ToByte.java
FilterUTF8ToByte	E:\Personal\Code\Java\Stream\Byte\FilterUTF8ToByte.java
FilterUTF8ToByte	E:\Personal\Code\Java\Stream\Byte\FilterUTF8ToByte.java
FilterUTF8ToByte	E:\Personal\Code\Java\Stream\Byte\FilterUTF8ToByte.java
read	E:\Personal\Code\Java\Stream\Byte\FilterUTF8ToByte.java
write	E:\Personal\Code\Java\Stream\Byte\FilterUTF8ToByte.java
testIt	E:\Personal\Code\Java\Stream\Byte\FilterUTF8ToByte.java
AFormatterOut	E:\Personal\Code\Java\Stream\AFormatterOut.java
IsTrue	E:\Personal\Code\Java\Stream\Assert.java
Equals	E:\Personal\Code\Java\Stream\Assert.java
Equals	E:\Personal\Code\Java\Stream\Assert.java
Equals	E:\Personal\Code\Java\Stream\Assert.java
Equals	E:\Personal\Code\Java\Stream\Assert.java
Equals	E:\Personal\Code\Java\Stream\Assert.java
Equals	E:\Personal\Code\Java\Stream\Assert.java
Equals	E:\Personal\Code\Java\Stream\Assert.java
Equals	E:\Personal\Code\Java\Stream\Assert.java
Equals	E:\Personal\Code\Java\Stream\Assert.java
Equals	E:\Personal\Code\Java\Stream\Assert.java
Equals	E:\Personal\Code\Java\Stream\Assert.java
Equals	E:\Personal\Code\Java\Stream\Assert.java
Same	E:\Personal\Code\Java\Stream\Assert.java
Same	E:\Personal\Code\Java\Stream\Assert.java
IsNull	E:\Personal\Code\Java\Stream\Assert.java
NotNull	E:\Personal\Code\Java\Stream\Assert.java
isTrue	E:\Personal\Code\Java\Stream\Assert.java
isTrue	E:\Personal\Code\Java\Stream\Assert.java
equals	E:\Personal\Code\Java\Stream\Assert.java
equals	E:\Personal\Code\Java\Stream\Assert.java
equals	E:\Personal\Code\Java\Stream\Assert.java
equals	E:\Personal\Code\Java\Stream\Assert.java
equals	E:\Personal\Code\Java\Stream\Assert.java
equals	E:\Personal\Code\Java\Stream\Assert.java
equals	E:\Personal\Code\Java\Stream\Assert.java
equals	E:\Personal\Code\Java\Stream\Assert.java
equals	E:\Personal\Code\Java\Stream\Assert.java
equals	E:\Personal\Code\Java\Stream\Assert.java
equals	E:\Personal\Code\Java\Stream\Assert.java
equals	E:\Personal\Code\Java\Stream\Assert.java
same	E:\Personal\Code\Java\Stream\Assert.java
same	E:\Personal\Code\Java\Stream\Assert.java
isNull	E:\Personal\Code\Java\Stream\Assert.java
isNull	E:\Personal\Code\Java\Stream\Assert.java
notNull	E:\Personal\Code\Java\Stream\Assert.java
notNull	E:\Personal\Code\Java\Stream\Assert.java
fail	E:\Personal\Code\Java\Stream\Assert.java
FailNotEquals	E:\Personal\Code\Java\Stream\Assert.java
FailNotSame	E:\Personal\Code\Java\Stream\Assert.java
testIt	E:\Personal\Code\Java\Stream\Assert.java
Test	E:\Personal\Code\Java\Stream\Assert.java
longValue	E:\Personal\Code\Java\Stream\AStreamOut.java
addItems	E:\Personal\Code\Java\Stream\AStreamOut.java
addItems	E:\Personal\Code\Java\Stream\AStreamOut.java
stream	E:\Personal\Code\Java\Stream\AStreamOut.java
addItems	E:\Personal\Code\Java\Stream\AStreamOut.java
BaseException	E:\Personal\Code\Java\Stream\BaseException.java
BaseException	E:\Personal\Code\Java\Stream\BaseException.java
BaseException	E:\Personal\Code\Java\Stream\BaseException.java
printStackTrace	E:\Personal\Code\Java\Stream\BaseException.java
printStackTrace	E:\Personal\Code\Java\Stream\BaseException.java
printStackTrace	E:\Personal\Code\Java\Stream\BaseException.java
available	E:\Personal\Code\Java\Stream\FileBackupIterator.java
nextItem	E:\Personal\Code\Java\Stream\FileBackupIterator.java
FileIterator	E:\Personal\Code\Java\Stream\FileIterator.java
available	E:\Personal\Code\Java\Stream\FileIterator.java
nextItem	E:\Personal\Code\Java\Stream\FileIterator.java
addItem	E:\Personal\Code\Java\Stream\FilterOut.java
add	E:\Personal\Code\Java\Stream\FilterOut.java
TraceStack	E:\Personal\Code\Java\Stream\Log.java
TraceTrans	E:\Personal\Code\Java\Stream\Log.java
TraceObject	E:\Personal\Code\Java\Stream\Log.java
l	E:\Personal\Code\Java\Stream\Log.java
l	E:\Personal\Code\Java\Stream\Log.java
l	E:\Personal\Code\Java\Stream\Log.java
l	E:\Personal\Code\Java\Stream\Log.java
l	E:\Personal\Code\Java\Stream\Log.java
l	E:\Personal\Code\Java\Stream\Log.java
l	E:\Personal\Code\Java\Stream\Log.java
l	E:\Personal\Code\Java\Stream\Log.java
l	E:\Personal\Code\Java\Stream\Log.java
l	E:\Personal\Code\Java\Stream\Log.java
l	E:\Personal\Code\Java\Stream\Log.java
l	E:\Personal\Code\Java\Stream\Log.java
l	E:\Personal\Code\Java\Stream\Log.java
l	E:\Personal\Code\Java\Stream\Log.java
l	E:\Personal\Code\Java\Stream\Log.java
l	E:\Personal\Code\Java\Stream\Log.java
l	E:\Personal\Code\Java\Stream\Log.java
l	E:\Personal\Code\Java\Stream\Log.java
f	E:\Personal\Code\Java\Stream\Log.java
L	E:\Personal\Code\Java\Stream\Log.java
traceStack	E:\Personal\Code\Java\Stream\Log.java
L	E:\Personal\Code\Java\Stream\Log.java
traceTrans	E:\Personal\Code\Java\Stream\Log.java
traceObject	E:\Personal\Code\Java\Stream\Log.java
testIt	E:\Personal\Code\Java\Stream\Log.java
OperationNotSupported	E:\Personal\Code\Java\Stream\OperationNotSupported.java
ReadOnlyException	E:\Personal\Code\Java\Stream\ReadOnlyException.java
ReadOnlyException	E:\Personal\Code\Java\Stream\ReadOnlyException.java
ReadOnlyException	E:\Personal\Code\Java\Stream\ReadOnlyException.java
ReadOnlyException	E:\Personal\Code\Java\Stream\ReadOnlyException.java
ReadOnlyException	E:\Personal\Code\Java\Stream\ReadOnlyException.java
ReadOnlyException	E:\Personal\Code\Java\Stream\ReadOnlyException.java
run	E:\Personal\Code\Java\Stream\StreamInRunner.java
StreamInRunner	E:\Personal\Code\Java\Stream\StreamInRunner.java
write	E:\Personal\Code\Java\Stream\StringBufferOutputStream.java
complexOp	E:\Personal\Code\Java\Structure\Abstraction.java
getRef	E:\Personal\Code\Java\Structure\BiPointer.java
setRef	E:\Personal\Code\Java\Structure\BiPointer.java
BiPointer	E:\Personal\Code\Java\Structure\BiPointer.java
BiPointer	E:\Personal\Code\Java\Structure\BiPointer.java
testIt	E:\Personal\Code\Java\Structure\BiPointer.java
getSource	E:\Personal\Code\Java\Structure\BiRef.java
getTarget	E:\Personal\Code\Java\Structure\BiRef.java
setTarget	E:\Personal\Code\Java\Structure\BiRef.java
BiRef	E:\Personal\Code\Java\Structure\BiRef.java
BiRef	E:\Personal\Code\Java\Structure\BiRef.java
testIt	E:\Personal\Code\Java\Structure\BiRef.java
Bridge	E:\Personal\Code\Java\Structure\Bridge.java
simpleOp	E:\Personal\Code\Java\Structure\Bridge.java
getReceiver	E:\Personal\Code\Java\Structure\Command.java
setReceiver	E:\Personal\Code\Java\Structure\Command.java
run	E:\Personal\Code\Java\Structure\Command.java
Context	E:\Personal\Code\Java\Structure\Context.java
activeOpen	E:\Personal\Code\Java\Structure\Context.java
passiveOpen	E:\Personal\Code\Java\Structure\Context.java
close	E:\Personal\Code\Java\Structure\Context.java
send	E:\Personal\Code\Java\Structure\Context.java
acknowledge	E:\Personal\Code\Java\Structure\Context.java
synchronize	E:\Personal\Code\Java\Structure\Context.java
processStream	E:\Personal\Code\Java\Structure\Context.java
changeState	E:\Personal\Code\Java\Structure\Context.java
testIt	E:\Personal\Code\Java\Structure\Context.java
DAbstraction	E:\Personal\Code\Java\Structure\DAbstraction.java
DAbstraction	E:\Personal\Code\Java\Structure\DAbstraction.java
complexOp	E:\Personal\Code\Java\Structure\DAbstraction.java
DBridge	E:\Personal\Code\Java\Structure\DBridge.java
simpleOp	E:\Personal\Code\Java\Structure\DBridge.java
Decorator	E:\Personal\Code\Java\Structure\Decorator.java
Decorator	E:\Personal\Code\Java\Structure\Decorator.java
doSomething	E:\Personal\Code\Java\Structure\Decorator.java
testIt	E:\Personal\Code\Java\Structure\Decorator.java
getTarget	E:\Personal\Code\Java\Structure\Delegate.java
getMethod	E:\Personal\Code\Java\Structure\Delegate.java
Delegate	E:\Personal\Code\Java\Structure\Delegate.java
Delegate	E:\Personal\Code\Java\Structure\Delegate.java
Delegate	E:\Personal\Code\Java\Structure\Delegate.java
Delegate	E:\Personal\Code\Java\Structure\Delegate.java
addObserver	E:\Personal\Code\Java\Structure\Delegate.java
removeObserver	E:\Personal\Code\Java\Structure\Delegate.java
raiseEvent	E:\Personal\Code\Java\Structure\Delegate.java
testIt	E:\Personal\Code\Java\Structure\Delegate.java
Delegator	E:\Personal\Code\Java\Structure\Delegator.java
simpleOp	E:\Personal\Code\Java\Structure\Delegator.java
DFullBridge	E:\Personal\Code\Java\Structure\DFullBridge.java
complexOp	E:\Personal\Code\Java\Structure\DFullBridge.java
invite	E:\Personal\Code\Java\Structure\ElementA.java
inviteVisitor1toA	E:\Personal\Code\Java\Structure\ElementA.java
inviteVisitor2toA	E:\Personal\Code\Java\Structure\ElementA.java
invite	E:\Personal\Code\Java\Structure\ElementB.java
inviteVisitor1toB	E:\Personal\Code\Java\Structure\ElementB.java
inviteVisitor2toB	E:\Personal\Code\Java\Structure\ElementB.java
FullBridge	E:\Personal\Code\Java\Structure\FullBridge.java
complexOp	E:\Personal\Code\Java\Structure\FullBridge.java
getPosition	E:\Personal\Code\Java\Structure\HistoryList.java
getSize	E:\Personal\Code\Java\Structure\HistoryList.java
addItem	E:\Personal\Code\Java\Structure\HistoryList.java
nextItem	E:\Personal\Code\Java\Structure\HistoryList.java
prevItem	E:\Personal\Code\Java\Structure\HistoryList.java
currItem	E:\Personal\Code\Java\Structure\HistoryList.java
testIt	E:\Personal\Code\Java\Structure\HistoryList.java
MacroCommand	E:\Personal\Code\Java\Structure\MacroCommand.java
MacroCommand	E:\Personal\Code\Java\Structure\MacroCommand.java
getPosition	E:\Personal\Code\Java\Structure\MacroCommand.java
getSize	E:\Personal\Code\Java\Structure\MacroCommand.java
addItem	E:\Personal\Code\Java\Structure\MacroCommand.java
redo	E:\Personal\Code\Java\Structure\MacroCommand.java
undo	E:\Personal\Code\Java\Structure\MacroCommand.java
run	E:\Personal\Code\Java\Structure\MacroCommand.java
testIt	E:\Personal\Code\Java\Structure\MacroCommand.java
